ts_code,name,industry,area,signal_date,entry_date,entry_open,exit_date,exit_close,holding_days,gross_return,net_return,is_truncated,list_date
600936.SH,广西广电,影视音像,广西,20250219,20250220,3.31,20250326,3.57,2,0.0785498489425982,0.0785498489425982,True,20160815
000419.SZ,通程控股,百货,湖南,20250224,20250225,5.65,20250225,5.65,1,0.0,0.0,True,19960816
603106.SH,恒银科技,IT设备,天津,20250219,20250225,9.31,20250829,11.66,3,0.25241675617615456,0.25241675617615456,True,20170920
000607.SZ,华媒控股,广告包装,浙江,20250225,20250226,4.25,20250226,4.24,1,-0.0023529411764705577,-0.0023529411764705577,True,19960830
603103.SH,横店影视,影视音像,浙江,20250225,20250226,14.25,20250508,15.84,2,0.111578947368421,0.111578947368421,True,20171012
605016.SH,百龙创园,食品,山东,20250226,20250227,18.7,20250227,18.48,1,-0.0117647058823529,-0.0117647058823529,True,20210421
002157.SZ,正邦科技,农业综合,江西,20250227,20250303,2.82,20250303,2.83,1,0.0035460992907803135,0.0035460992907803135,True,20070817
600812.SH,华北制药,化学制药,河北,20250228,20250303,6.25,20250304,6.26,2,0.0016000000000000458,0.0016000000000000458,True,19940114
000564.SZ,供销大集,百货,陕西,20250226,20250304,3.0,20250304,3.01,1,0.0033333333333331883,0.0033333333333331883,True,19940110
002636.SZ,金安国纪,元器件,上海,20250303,20250304,9.11,20250304,9.38,1,0.029637760702524885,0.029637760702524885,True,20111125
600081.SH,东风科技,汽车配件,上海,20250303,20250304,11.85,20250304,12.02,1,0.014345991561181437,0.014345991561181437,True,19970703
600850.SH,电科数字,软件服务,上海,20250303,20250304,25.74,20250311,26.29,2,0.02136752136752129,0.02136752136752129,True,19940324
601728.SH,中国电信,电信运营,北京,20250228,20250304,7.86,20250304,7.8,1,-0.007633587786259555,-0.007633587786259555,True,20210820
603215.SH,比依股份,家用电器,浙江,20250303,20250304,17.78,20250304,17.99,1,0.011811023622047001,0.011811023622047001,True,20220218
603312.SH,西典新能,电气设备,江苏,20250303,20250304,36.15,20250304,36.12,1,-0.0008298755186721962,-0.0008298755186721962,True,20240111
002883.SZ,中设股份,建筑工程,江苏,20250304,20250305,11.21,20250310,11.24,3,0.00267618198037467,0.00267618198037467,True,20170620
002992.SZ,宝明科技,元器件,深圳,20250304,20250305,63.06,20250305,63.08,1,0.00031715826197276087,0.00031715826197276087,True,20200803
600131.SH,国网信通,通信设备,四川,20250304,20250305,19.61,20250305,19.68,1,0.003569607343192338,0.003569607343192338,True,19980402
002828.SZ,贝肯能源,石油开采,新疆,20250305,20250307,9.02,20250310,8.94,2,-0.008869179600886956,-0.008869179600886956,True,20161208
000008.SZ,神州高铁,运输设备,北京,20250304,20250310,2.77,20250310,2.79,1,0.0072202166064982976,0.0072202166064982976,True,19920507
002489.SZ,浙江永强,家居用品,浙江,20250304,20250310,3.4,20250604,3.87,3,0.138235294117647,0.138235294117647,True,20101021
002598.SZ,山东章鼓,机械基件,山东,20250307,20250310,10.89,20250312,10.86,2,-0.0027548209366392573,-0.0027548209366392573,True,20110707
600322.SH,津投城开,区域地产,天津,20250307,20250310,2.39,20250310,2.39,1,0.0,0.0,True,20010910
603703.SH,盛洋科技,元器件,浙江,20250307,20250310,12.68,20250310,12.73,1,0.0039432176656151174,0.0039432176656151174,True,20150423
002051.SZ,中工国际,建筑工程,北京,20250307,20250311,8.69,20250311,8.64,1,-0.00575373993095496,-0.00575373993095496,True,20060619
002321.SZ,华英农业,农业综合,河南,20250310,20250311,2.49,20250820,2.63,2,0.056224899598393385,0.056224899598393385,True,20091216
002427.SZ,尤夫股份,化纤,浙江,20250310,20250311,3.7,20250312,3.75,2,0.013513513513513375,0.013513513513513375,True,20100608
002474.SZ,榕基软件,软件服务,福建,20250310,20250311,7.52,20250311,7.64,1,0.015957446808510634,0.015957446808510634,True,20100915
002941.SZ,新疆交建,建筑工程,新疆,20250310,20250311,11.38,20250311,11.51,1,0.011423550087873435,0.011423550087873435,True,20181128
000695.SZ,滨海能源,化工原料,天津,20250311,20250312,11.23,20250312,11.16,1,-0.006233303650934996,-0.006233303650934996,True,19970218
000868.SZ,安凯客车,汽车整车,安徽,20250311,20250312,7.02,20250312,6.94,1,-0.011396011396011319,-0.011396011396011319,True,19970725
600477.SH,杭萧钢构,钢加工,浙江,20250311,20250312,2.91,20250312,2.9,1,-0.003436426116838587,-0.003436426116838587,True,20031110
601155.SH,新城控股,区域地产,江苏,20250311,20250312,13.11,20250312,13.07,1,-0.0030511060259343914,-0.0030511060259343914,True,20151204
603165.SH,荣晟环保,造纸,浙江,20250310,20250312,13.56,20250312,13.45,1,-0.008112094395280378,-0.008112094395280378,True,20170117
605050.SH,福然德,仓储物流,上海,20250311,20250313,11.22,20250313,11.18,1,-0.0035650623885918886,-0.0035650623885918886,True,20200924
002097.SZ,山河智能,工程机械,湖南,20250313,20250314,8.22,20250314,8.29,1,0.008515815085157863,0.008515815085157863,True,20061222
000795.SZ,英洛华,矿物制品,浙江,20250314,20250317,11.78,20250317,11.76,1,-0.001697792869269965,-0.001697792869269965,True,19970808
002307.SZ,北新路桥,建筑工程,新疆,20250314,20250317,4.18,20250317,4.18,1,0.0,0.0,True,20091111
002747.SZ,埃斯顿,机械基件,江苏,20250312,20250317,23.5,20250317,23.62,1,0.005106382978723456,0.005106382978723456,True,20150320
603026.SH,石大胜华,化工原料,山东,20250313,20250317,37.13,20250320,36.25,2,-0.023700511715593953,-0.023700511715593953,True,20150529
603072.SH,天和磁材,矿物制品,内蒙,20250314,20250317,37.45,20250317,37.69,1,0.0064085447263015904,0.0064085447263015904,True,20250103
603638.SH,艾迪精密,专用机械,山东,20250313,20250317,20.05,20250317,20.18,1,0.006483790523690747,0.006483790523690747,True,20170120
000528.SZ,柳工,工程机械,广西,20250317,20250318,12.39,20250320,12.56,2,0.013720742534301777,0.013720742534301777,True,19931118
002139.SZ,拓邦股份,元器件,深圳,20250214,20250318,17.13,20250318,17.07,1,-0.003502626970227629,-0.003502626970227629,True,20070629
002261.SZ,拓维信息,软件服务,湖南,20250311,20250318,34.6,20250519,32.36,2,-0.06473988439306366,-0.06473988439306366,True,20080723
600094.SH,大名城,区域地产,上海,20250317,20250318,3.47,20250318,3.48,1,0.0028818443804032867,0.0028818443804032867,True,19970703
600588.SH,用友网络,软件服务,北京,20250317,20250318,17.2,20250812,15.22,2,-0.1151162790697674,-0.1151162790697674,True,20010518
603901.SH,永创智能,专用机械,浙江,20250317,20250318,9.88,20250318,9.89,1,0.0010121457489877805,0.0010121457489877805,True,20150529
000058.SZ,深赛格,商品城,深圳,20250318,20250319,8.83,20250319,8.78,1,-0.005662514156285492,-0.005662514156285492,True,19961226
000829.SZ,天音控股,其他商业,江西,20250318,20250319,12.12,20250319,12.24,1,0.00990099009900991,0.00990099009900991,True,19971202
002145.SZ,中核钛白,化工原料,甘肃,20250318,20250319,4.52,20250319,4.51,1,-0.0022123893805309214,-0.0022123893805309214,True,20070803
002326.SZ,永太科技,化工原料,浙江,20250318,20250319,11.31,20250320,11.2,2,-0.00972590627763048,-0.00972590627763048,True,20091222
600192.SH,长城电工,电气设备,甘肃,20250317,20250319,6.8,20250826,11.22,5,0.6500000000000001,0.6500000000000001,False,19981224
600400.SH,红豆股份,服饰,江苏,20250318,20250319,2.51,20250320,2.48,2,-0.01195219123505964,-0.01195219123505964,True,20010108
603333.SH,尚纬股份,电气设备,四川,20250318,20250319,5.2,20250425,5.52,2,0.06153846153846132,0.06153846153846132,True,20120507
000973.SZ,佛塑科技,塑料,广东,20250318,20250320,6.88,20250320,6.93,1,0.007267441860465018,0.007267441860465018,True,20000525
002134.SZ,天津普林,元器件,天津,20250319,20250320,21.92,20250320,21.74,1,-0.008211678832116931,-0.008211678832116931,True,20070516
002205.SZ,国统股份,水泥,新疆,20250226,20250320,9.91,20250807,13.06,2,0.31786074672048437,0.31786074672048437,True,20080123
002689.SZ,远大智能,运输设备,辽宁,20250319,20250320,4.42,20250527,3.88,2,-0.12217194570135748,-0.12217194570135748,True,20120717
603399.SH,永杉锂业,小金属,辽宁,20250319,20250320,9.85,20250805,9.94,4,0.009137055837563413,0.009137055837563413,True,20120824
603595.SH,东尼电子,元器件,浙江,20250319,20250320,21.64,20250320,21.75,1,0.00508317929759694,0.00508317929759694,True,20170712
603637.SH,镇海股份,建筑工程,浙江,20250319,20250320,9.91,20250320,9.93,1,0.0020181634712410634,0.0020181634712410634,True,20170208
600562.SH,国睿科技,通信设备,江苏,20250320,20250321,21.22,20250321,21.02,1,-0.009425070688030113,-0.009425070688030113,True,20030128
000568.SZ,泸州老窖,白酒,四川,20250325,20250326,131.5,20250326,132.11,1,0.004638783269962143,0.004638783269962143,True,19940509
002361.SZ,神剑股份,化工原料,安徽,20250325,20250326,6.47,20250526,6.27,3,-0.03091190108191655,-0.03091190108191655,True,20100303
600478.SH,科力远,电气设备,湖南,20250325,20250326,5.21,20250707,5.79,2,0.1113243761996161,0.1113243761996161,True,20030918
600738.SH,丽尚国潮,百货,甘肃,20250226,20250326,5.19,20250326,5.2,1,0.0019267822736031004,0.0019267822736031004,True,19960802
603819.SH,神力股份,电气设备,江苏,20250306,20250326,14.5,20250326,14.93,1,0.029655172413793007,0.029655172413793007,True,20161125
600729.SH,重庆百货,百货,重庆,20250321,20250327,30.6,20250425,32.44,4,0.06013071895424815,0.06013071895424815,True,19960702
600814.SH,杭州解百,百货,浙江,20250311,20250327,8.21,20250425,8.2,2,-0.0012180267965896663,-0.0012180267965896663,True,19940114
000408.SZ,藏格矿业,农药化肥,青海,20250327,20250328,36.06,20250328,35.81,1,-0.00693288962839711,-0.00693288962839711,True,19960628
000911.SZ,广农糖业,食品,广西,20250327,20250328,7.23,20250328,7.16,1,-0.009681881051175734,-0.009681881051175734,True,19990527
600887.SH,伊利股份,乳制品,内蒙,20250326,20250328,28.4,20250328,28.22,1,-0.006338028169014076,-0.006338028169014076,True,19960312
601633.SH,长城汽车,汽车整车,河北,20250326,20250328,26.56,20250328,26.42,1,-0.005271084337349241,-0.005271084337349241,True,20110928
600428.SH,中远海特,水运,广东,20250328,20250401,6.73,20250526,6.24,3,-0.0728083209509659,-0.0728083209509659,True,20020418
603183.SH,建研院,建筑工程,江苏,20250328,20250402,4.16,20250402,4.11,1,-0.012019230769230727,-0.012019230769230727,True,20170905
603568.SH,伟明环保,环境保护,浙江,20250327,20250402,21.42,20250402,21.32,1,-0.004668534080298881,-0.004668534080298881,True,20150528
603968.SH,醋化股份,化工原料,江苏,20250401,20250402,11.01,20250402,10.93,1,-0.0072661217075385975,-0.0072661217075385975,True,20150518
600583.SH,海油工程,石油开采,天津,20250402,20250403,5.62,20250403,5.61,1,-0.001779359430604921,-0.001779359430604921,True,20020205
605336.SH,帅丰电器,家用电器,浙江,20250312,20250403,19.55,20250403,19.73,1,0.009207161125319718,0.009207161125319718,True,20201019
000958.SZ,电投产融,多元金融,河北,20250225,20250417,7.08,20250417,7.06,1,-0.0028248587570621764,-0.0028248587570621764,True,19991223
002749.SZ,国光股份,农药化肥,四川,20250421,20250424,15.6,20250424,15.64,1,0.002564102564102555,0.002564102564102555,True,20150320
600882.SH,妙可蓝多,乳制品,上海,20250423,20250424,26.0,20250430,26.05,2,0.0019230769230769162,0.0019230769230769162,True,19951206
002852.SZ,道道全,食品,湖南,20250424,20250425,9.24,20250425,9.21,1,-0.0032467532467531646,-0.0032467532467531646,True,20170310
600195.SH,中牧股份,农业综合,北京,20250421,20250425,6.72,20250425,6.78,1,0.008928571428571397,0.008928571428571397,True,19990107
600597.SH,光明乳业,乳制品,上海,20250424,20250425,8.4,20250425,8.4,1,0.0,0.0,True,20020828
603139.SH,康惠制药,中成药,陕西,20250424,20250425,18.49,20250425,18.14,1,-0.018929150892374125,-0.018929150892374125,True,20170421
603214.SH,爱婴室,百货,上海,20250424,20250425,22.55,20250425,22.5,1,-0.0022172949002217113,-0.0022172949002217113,True,20180330
000975.SZ,山金国际,黄金,内蒙,20250424,20250428,20.0,20250429,20.18,2,0.008999999999999897,0.008999999999999897,True,20000608
600391.SH,航发科技,航空,四川,20250428,20250429,23.6,20250429,23.61,1,0.0004237288135593431,0.0004237288135593431,True,20011212
600988.SH,赤峰黄金,黄金,内蒙,20250428,20250429,26.9,20250429,26.53,1,-0.013754646840148599,-0.013754646840148599,True,20040414
600547.SH,山东黄金,黄金,山东,20250429,20250430,30.44,20250430,30.3,1,-0.0045992115637319975,-0.0045992115637319975,True,20030828
000617.SZ,中油资本,多元金融,新疆,20250429,20250508,7.02,20250725,8.9,2,0.26780626780626804,0.26780626780626804,True,19961022
000920.SZ,沃顿科技,塑料,贵州,20250429,20250508,10.02,20250910,12.36,5,0.23353293413173648,0.23353293413173648,False,19990616
600490.SH,鹏欣资源,铜,上海,20250227,20250509,4.55,20250509,4.61,1,0.013186813186813362,0.013186813186813362,True,20030626
600969.SH,郴电国际,水力发电,湖南,20250512,20250513,7.7,20250513,7.62,1,-0.010389610389610393,-0.010389610389610393,True,20040408
000017.SZ,深中华A,服饰,深圳,20250513,20250514,6.41,20250515,6.33,2,-0.012480499219968855,-0.012480499219968855,True,19920331
002793.SZ,罗欣药业,化学制药,山东,20250513,20250514,4.3,20250815,5.8,3,0.34883720930232553,0.34883720930232553,True,20160415
600866.SH,星湖科技,饲料,广东,20250513,20250514,7.36,20250807,7.93,2,0.07744565217391286,0.07744565217391286,True,19940818
000672.SZ,上峰水泥,水泥,甘肃,20250513,20250515,8.47,20250515,8.45,1,-0.0023612750885479983,-0.0023612750885479983,True,19961218
001306.SZ,夏厦精密,机械基件,浙江,20250214,20250515,83.74,20250828,97.39,4,0.16300453785526647,0.16300453785526647,True,20231116
003018.SZ,金富科技,塑料,广东,20250327,20250515,11.0,20250515,11.02,1,0.0018181818181817189,0.0018181818181817189,True,20201106
603067.SH,振华股份,化工原料,湖北,20250402,20250515,21.51,20250515,21.37,1,-0.006508600650860119,-0.006508600650860119,True,20160913
000016.SZ,深康佳A,家用电器,深圳,20250317,20250516,5.2,20250516,5.2,1,0.0,0.0,True,19920327
002131.SZ,利欧股份,互联网,浙江,20250226,20250516,3.7,20250516,3.74,1,0.010810810810810922,0.010810810810810922,True,20070427
603986.SH,兆易创新,半导体,北京,20250515,20250516,122.03,20250516,122.29,1,0.0021306236171434456,0.0021306236171434456,True,20160818
002354.SZ,天娱数科,互联网,辽宁,20250226,20250519,6.66,20250522,6.71,2,0.007507507507507505,0.007507507507507505,True,20100209
002928.SZ,华夏航空,空运,贵州,20250313,20250519,7.63,20250519,7.58,1,-0.006553079947575369,-0.006553079947575369,True,20180302
600839.SH,四川长虹,家用电器,四川,20250516,20250519,10.65,20250519,10.51,1,-0.013145539906103343,-0.013145539906103343,True,19940311
003033.SZ,征和工业,汽车配件,山东,20250221,20250521,50.15,20250522,48.11,2,-0.04067796610169494,-0.04067796610169494,True,20210111
603086.SH,先达股份,农药化肥,山东,20250312,20250521,8.8,20250717,10.16,3,0.15454545454545454,0.15454545454545454,True,20170511
603189.SH,网达软件,软件服务,上海,20250305,20250521,18.82,20250521,18.51,1,-0.016471838469713007,-0.016471838469713007,True,20160914
000850.SZ,华茂股份,纺织,安徽,20250304,20250522,4.14,20250522,4.13,1,-0.0024154589371979673,-0.0024154589371979673,True,19981007
001391.SZ,国货航,仓储物流,北京,20250425,20250522,7.1,20250522,7.08,1,-0.0028169014084505895,-0.0028169014084505895,True,20241230
002392.SZ,北京利尔,其他建材,北京,20250520,20250522,6.31,20250526,6.13,2,-0.02852614896988903,-0.02852614896988903,True,20100423
600933.SH,爱柯迪,汽车配件,浙江,20250520,20250522,16.42,20250522,16.35,1,-0.004263093788063332,-0.004263093788063332,True,20171117
600160.SH,巨化股份,化工原料,浙江,20250519,20250523,26.1,20250523,26.23,1,0.004980842911877392,0.004980842911877392,True,19980626
000712.SZ,锦龙股份,证券,广东,20250225,20250526,12.08,20250527,12.23,2,0.012417218543046449,0.012417218543046449,True,19970415
001236.SZ,弘业期货,多元金融,江苏,20250523,20250526,9.19,20250717,13.4,3,0.45810663764961923,0.45810663764961923,True,20220805
001268.SZ,联合精密,机械基件,广东,20250522,20250526,22.3,20250620,24.13,2,0.08206278026905811,0.08206278026905811,True,20220630
002009.SZ,天奇股份,工程机械,江苏,20250522,20250526,15.05,20250526,15.25,1,0.013289036544850363,0.013289036544850363,True,20040629
002383.SZ,合众思壮,通信设备,北京,20250319,20250526,8.75,20250526,8.92,1,0.01942857142857135,0.01942857142857135,True,20100402
002593.SZ,日上集团,钢加工,福建,20250305,20250526,4.79,20250526,4.87,1,0.016701461377870652,0.016701461377870652,True,20110628
002622.SZ,皓宸医疗,医疗保健,吉林,20250523,20250526,2.72,20250526,2.72,1,0.0,0.0,True,20111018
600150.SH,中国船舶,船舶,上海,20250523,20250526,31.06,20250828,36.82,3,0.1854475209272377,0.1854475209272377,True,19980520
600320.SH,振华重工,专用机械,上海,20250519,20250526,4.26,20250716,4.54,2,0.06572769953051649,0.06572769953051649,True,20001221
600844.SH,金煤科技,化工原料,内蒙,20250523,20250526,3.13,20250526,3.18,1,0.015974440894568787,0.015974440894568787,True,19940311
603416.SH,信捷电气,电器仪表,江苏,20250523,20250526,61.0,20250526,60.36,1,-0.010491803278688483,-0.010491803278688483,True,20161221
603677.SH,奇精机械,家用电器,浙江,20250523,20250526,21.11,20250526,21.34,1,0.010895310279488424,0.010895310279488424,True,20170206
002144.SZ,宏达高科,纺织,浙江,20250526,20250527,11.5,20250527,11.59,1,0.00782608695652165,0.00782608695652165,True,20070803
002378.SZ,章源钨业,小金属,江西,20250526,20250527,7.82,20250527,7.71,1,-0.01406649616368294,-0.01406649616368294,True,20100331
603600.SH,永艺股份,家居用品,浙江,20250526,20250527,10.55,20250527,10.53,1,-0.0018957345971565287,-0.0018957345971565287,True,20150123
603788.SH,宁波高发,汽车配件,浙江,20250526,20250527,15.98,20250528,15.87,2,-0.006883604505632079,-0.006883604505632079,True,20150120
001896.SZ,豫能控股,火力发电,河南,20250526,20250528,4.76,20250529,4.7,2,-0.012605042016806678,-0.012605042016806678,True,19980122
002290.SZ,禾盛新材,家用电器,江苏,20250526,20250528,30.62,20250528,30.41,1,-0.006858262573481433,-0.006858262573481433,True,20090903
002825.SZ,纳尔股份,化工原料,上海,20250527,20250528,10.75,20250528,10.54,1,-0.019534883720930263,-0.019534883720930263,True,20161129
600879.SH,航天电子,航空,湖北,20250526,20250528,8.86,20250716,9.89,3,0.11625282167042905,0.11625282167042905,True,19951115
002977.SZ,天箭科技,通信设备,四川,20250526,20250529,37.5,20250529,38.2,1,0.01866666666666683,0.01866666666666683,True,20200317
601908.SH,京运通,电气设备,北京,20250527,20250529,3.11,20250529,3.15,1,0.012861736334405238,0.012861736334405238,True,20110908
603050.SH,科林电气,电气设备,河北,20250305,20250529,16.18,20250529,16.27,1,0.005562422744128437,0.005562422744128437,True,20170414
603657.SH,春光科技,家用电器,浙江,20250303,20250529,21.23,20250529,21.47,1,0.011304757418747036,0.011304757418747036,True,20180730
600135.SH,乐凯胶片,塑料,河北,20250529,20250530,7.39,20250604,7.3,3,-0.012178619756427533,-0.012178619756427533,True,19980122
600279.SH,重庆港,港口,重庆,20250508,20250603,5.98,20250603,6.02,1,0.006688963210702115,0.006688963210702115,True,20000731
601798.SH,蓝科高新,化工机械,甘肃,20250530,20250603,7.32,20250603,7.38,1,0.008196721311475308,0.008196721311475308,True,20110622
002573.SZ,清新环境,环境保护,北京,20250603,20250604,3.9,20250606,3.91,3,0.002564102564102555,0.002564102564102555,True,20110422
600281.SH,华阳新材,小金属,山西,20250320,20250604,5.07,20250710,6.79,2,0.3392504930966469,0.3392504930966469,True,20001109
603683.SH,晶华新材,化工原料,上海,20250317,20250604,14.1,20250604,14.03,1,-0.004964539007092261,-0.004964539007092261,True,20171020
001317.SZ,三羊马,铁路,重庆,20250429,20250605,44.79,20250605,45.01,1,0.004911810672024952,0.004911810672024952,True,20211130
601127.SH,赛力斯,汽车整车,重庆,20250425,20250605,134.7,20250605,134.08,1,-0.004602821083889985,-0.004602821083889985,True,20160615
601956.SH,东贝集团,家用电器,湖北,20250325,20250605,6.94,20250605,6.82,1,-0.01729106628242072,-0.01729106628242072,True,20201225
000006.SZ,深振业A,区域地产,深圳,20250604,20250606,6.8,20250606,6.8,1,0.0,0.0,True,19920427
000014.SZ,沙河股份,全国地产,深圳,20250604,20250606,11.5,20250828,14.68,2,0.27652173913043465,0.27652173913043465,True,19920602
600493.SH,凤竹纺织,纺织,福建,20250605,20250606,5.86,20250606,5.91,1,0.008532423208191142,0.008532423208191142,True,20040421
603275.SH,众辰科技,电器仪表,上海,20250319,20250606,41.0,20250710,45.82,2,0.1175609756097562,0.1175609756097562,True,20230823
000859.SZ,国风新材,塑料,安徽,20250604,20250609,7.53,20250609,7.61,1,0.010624169986719778,0.010624169986719778,True,19981119
001206.SZ,依依股份,造纸,天津,20250530,20250609,21.2,20250609,21.35,1,0.0070754716981134,0.0070754716981134,True,20210518
002501.SZ,利源股份,铝,吉林,20250604,20250609,2.21,20250609,2.23,1,0.009049773755656076,0.009049773755656076,True,20101117
002886.SZ,沃特股份,塑料,深圳,20250520,20250609,19.53,20250609,19.66,1,0.0066564260112647045,0.0066564260112647045,True,20170627
002277.SZ,友阿股份,百货,湖南,20250606,20250611,6.07,20250611,6.08,1,0.0016474464579900872,0.0016474464579900872,True,20090717
002094.SZ,青岛金王,日用化工,山东,20250226,20250612,9.25,20250612,9.27,1,0.00216216216216214,0.00216216216216214,True,20061215
002099.SZ,海翔药业,化学制药,浙江,20250611,20250612,6.0,20250612,5.95,1,-0.008333333333333304,-0.008333333333333304,True,20061226
603839.SH,安正时尚,服饰,浙江,20250611,20250612,7.42,20250612,7.4,1,-0.0026954177897573484,-0.0026954177897573484,True,20170214
002259.SZ,升达林业,供气供热,四川,20250611,20250613,4.14,20250613,4.07,1,-0.016908212560386326,-0.016908212560386326,True,20080716
002616.SZ,长青集团,环境保护,广东,20250611,20250613,6.14,20250613,6.08,1,-0.009771986970683932,-0.009771986970683932,True,20110920
002258.SZ,利尔化学,农药化肥,四川,20250508,20250616,11.21,20250616,11.28,1,0.006244424620874156,0.006244424620874156,True,20080708
002639.SZ,雪人集团,专用机械,福建,20250303,20250616,11.04,20250616,11.26,1,0.019927536231884035,0.019927536231884035,True,20111205
002644.SZ,佛慈制药,中成药,甘肃,20250613,20250616,8.52,20250616,8.56,1,0.0046948356807512415,0.0046948356807512415,True,20111222
000532.SZ,华金资本,多元金融,广东,20250225,20250617,14.95,20250617,15.06,1,0.007357859531772704,0.007357859531772704,True,19940103
002973.SZ,侨银股份,环境保护,广东,20250616,20250617,13.85,20250618,13.53,2,-0.02310469314079422,-0.02310469314079422,True,20200106
603059.SH,倍加洁,日用化工,江苏,20250616,20250617,25.08,20250617,24.85,1,-0.00917065390749594,-0.00917065390749594,True,20180302
002345.SZ,潮宏基,服饰,广东,20250325,20250618,14.52,20250714,14.42,2,-0.00688705234159781,-0.00688705234159781,True,20100128
002995.SZ,天地在线,互联网,北京,20250226,20250618,19.69,20250624,18.94,2,-0.038090401218892844,-0.038090401218892844,True,20200805
600684.SH,珠江股份,区域地产,广东,20250617,20250618,3.88,20250717,4.18,3,0.07731958762886593,0.07731958762886593,True,19931028
600743.SH,华远控股,区域地产,北京,20250516,20250618,2.13,20250618,2.09,1,-0.018779342723004744,-0.018779342723004744,True,19960909
600800.SH,渤海化学,化工原料,天津,20250603,20250618,4.14,20250618,4.15,1,0.0024154589371983004,0.0024154589371983004,True,19931206
600869.SH,远东股份,电气设备,青海,20250616,20250618,4.88,20250618,4.91,1,0.006147540983606703,0.006147540983606703,True,19950206
603711.SH,香飘飘,软饮料,浙江,20250617,20250618,14.01,20250618,13.87,1,-0.009992862241256284,-0.009992862241256284,True,20171130
600259.SH,广晟有色,小金属,海南,20250620,20250623,51.56,20250806,60.04,4,0.16446858029480205,0.16446858029480205,True,20000525
603535.SH,嘉诚国际,仓储物流,广东,20250617,20250623,10.21,20250623,10.46,1,0.02448579823702257,0.02448579823702257,True,20170808
600691.SH,阳煤化工,农药化肥,山西,20250526,20250627,2.4,20250630,2.39,2,-0.004166666666666541,-0.004166666666666541,True,19931119
600557.SH,康缘药业,中成药,江苏,20250624,20250630,14.94,20250630,14.78,1,-0.010709504685408322,-0.010709504685408322,True,20020918
600530.SH,交大昂立,医疗保健,上海,20250623,20250701,9.11,20250701,9.13,1,0.002195389681668658,0.002195389681668658,True,20010702
600367.SH,红星发展,化工原料,贵州,20250320,20250702,15.25,20250702,15.32,1,0.00459016393442635,0.00459016393442635,True,20010320
000968.SZ,蓝焰控股,石油开采,山西,20250702,20250703,7.3,20250703,7.25,1,-0.006849315068493178,-0.006849315068493178,True,20000622
000985.SZ,大庆华科,化工原料,黑龙江,20250702,20250703,18.52,20250703,18.53,1,0.0005399568034558655,0.0005399568034558655,True,20000726
002476.SZ,宝莫股份,化工原料,山东,20250702,20250703,4.86,20250916,5.5,3,0.13168724279835375,0.13168724279835375,True,20100915
600714.SH,金瑞矿业,化工原料,青海,20250702,20250703,12.15,20250703,12.07,1,-0.006584362139917754,-0.006584362139917754,True,19960606
000766.SZ,通化金马,化学制药,吉林,20250701,20250704,24.76,20250704,24.8,1,0.001615508885298933,0.001615508885298933,True,19970430
002190.SZ,成飞集成,汽车配件,四川,20250611,20250704,36.89,20250708,36.38,3,-0.013824884792626668,-0.013824884792626668,True,20071203
600302.SH,标准股份,纺织机械,陕西,20250704,20250707,6.23,20250707,6.27,1,0.006420545746388395,0.006420545746388395,True,20001213
600470.SH,六国化工,农药化肥,安徽,20250319,20250707,6.08,20250707,6.07,1,-0.0016447368421051989,-0.0016447368421051989,True,20040305
603120.SH,肯特催化,化工原料,浙江,20250704,20250707,41.29,20250707,41.76,1,0.011382901428917291,0.011382901428917291,True,20250416
603222.SH,济民健康,医疗保健,浙江,20250704,20250707,6.64,20250707,6.67,1,0.004518072289156683,0.004518072289156683,True,20150217
603533.SH,掌阅科技,互联网,北京,20250516,20250707,21.08,20250707,21.12,1,0.00189753320683117,0.00189753320683117,True,20170921
603906.SH,龙蟠科技,电气设备,江苏,20250317,20250707,14.75,20250714,14.8,3,0.003389830508474523,0.003389830508474523,True,20170410
603978.SH,深圳新星,小金属,深圳,20250320,20250707,17.4,20250707,17.27,1,-0.007471264367816088,-0.007471264367816088,True,20170807
600855.SH,航天长峰,专用机械,北京,20250526,20250708,13.42,20250821,15.93,3,0.18703427719821164,0.18703427719821164,True,19940425
603065.SH,宿迁联盛,化工原料,江苏,20250707,20250708,9.71,20250708,9.76,1,0.005149330587023604,0.005149330587023604,True,20230321
002402.SZ,和而泰,元器件,深圳,20250311,20250710,21.59,20250910,36.0,3,0.667438628994905,0.667438628994905,True,20100511
002453.SZ,华软科技,化工原料,北京,20250304,20250710,5.84,20250710,5.88,1,0.006849315068493178,0.006849315068493178,True,20100720
002519.SZ,银河电子,通信设备,江苏,20250708,20250710,5.31,20250710,5.36,1,0.009416195856873921,0.009416195856873921,True,20101207
002685.SZ,华东重机,机床制造,江苏,20250708,20250710,7.35,20250714,7.48,2,0.017687074829932037,0.017687074829932037,True,20120612
002759.SZ,天际股份,电气设备,广东,20250708,20250710,9.32,20250710,9.27,1,-0.005364806866952843,-0.005364806866952843,True,20150528
603032.SH,德新科技,专用机械,新疆,20250317,20250710,17.06,20250710,16.99,1,-0.004103165298944944,-0.004103165298944944,True,20170105
002413.SZ,雷科防务,通信设备,北京,20250526,20250711,5.75,20250714,5.66,2,-0.01565217391304341,-0.01565217391304341,True,20100528
002626.SZ,金达威,医疗保健,福建,20250710,20250711,19.89,20250714,19.95,2,0.003016591251885359,0.003016591251885359,True,20111028
002724.SZ,海洋王,元器件,深圳,20250523,20250711,7.69,20250724,7.7,2,0.0013003901170349774,0.0013003901170349774,True,20141104
002882.SZ,金龙羽,电气设备,深圳,20250710,20250711,33.05,20250711,33.26,1,0.006354009077155887,0.006354009077155887,True,20170717
603773.SH,沃格光电,元器件,江西,20250327,20250711,24.05,20250714,24.12,2,0.0029106029106029663,0.0029106029106029663,True,20180417
002981.SZ,朝阳科技,元器件,广东,20250711,20250714,26.86,20250721,26.5,4,-0.013402829486224843,-0.013402829486224843,True,20200417
600178.SH,东安动力,汽车配件,黑龙江,20250711,20250714,13.87,20250714,13.8,1,-0.005046863734679108,-0.005046863734679108,True,19981014
605398.SH,新炬网络,软件服务,上海,20250710,20250714,32.65,20250714,32.22,1,-0.01316998468606434,-0.01316998468606434,True,20210121
000519.SZ,中兵红箭,专用机械,湖南,20250326,20250715,20.34,20250820,22.33,3,0.09783677482792519,0.09783677482792519,True,19931008
000670.SZ,盈方微,元器件,湖北,20250714,20250715,7.49,20250718,7.59,2,0.013351134846461887,0.013351134846461887,True,19961217
001298.SZ,好上好,元器件,深圳,20250515,20250715,30.56,20250716,30.0,2,-0.018324607329842868,-0.018324607329842868,True,20221031
002181.SZ,粤传媒,出版业,广东,20250714,20250715,7.05,20250716,6.94,2,-0.015602836879432536,-0.015602836879432536,True,20071116
600184.SH,光电股份,专用机械,湖北,20250523,20250715,16.08,20250821,21.46,3,0.33457711442786087,0.33457711442786087,True,20031106
603661.SH,恒林股份,家居用品,浙江,20250225,20250715,29.29,20250715,29.34,1,0.0017070672584500457,0.0017070672584500457,True,20171121
000889.SZ,中嘉博创,通信设备,河北,20250714,20250716,3.62,20250717,3.65,2,0.008287292817679592,0.008287292817679592,True,19971218
002925.SZ,盈趣科技,元器件,福建,20250522,20250716,16.82,20250716,16.83,1,0.0005945303210461717,0.0005945303210461717,True,20180115
603002.SH,宏昌电子,化工原料,广东,20250715,20250716,6.77,20250721,6.9,2,0.019202363367799125,0.019202363367799125,True,20120518
000900.SZ,现代投资,路桥,湖南,20250716,20250717,4.43,20250718,4.42,2,-0.0022573363431150906,-0.0022573363431150906,True,19990128
000993.SZ,闽东电力,水力发电,福建,20250513,20250717,10.35,20250717,10.21,1,-0.013526570048309039,-0.013526570048309039,True,20000731
001223.SZ,欧克科技,专用机械,江西,20250716,20250717,43.84,20250717,43.29,1,-0.012545620437956262,-0.012545620437956262,True,20221212
002987.SZ,京北方,软件服务,北京,20250318,20250717,22.36,20250718,21.99,2,-0.016547406082289884,-0.016547406082289884,True,20200507
600775.SH,南京熊猫,通信设备,江苏,20250710,20250717,10.33,20250717,10.44,1,0.010648596321394033,0.010648596321394033,True,19961118
600980.SH,北矿科技,专用机械,北京,20250716,20250717,22.46,20250717,22.89,1,0.019145146927871837,0.019145146927871837,True,20040512
603091.SH,众鑫股份,家居用品,浙江,20250711,20250717,63.45,20250717,64.17,1,0.01134751773049647,0.01134751773049647,True,20240920
001255.SZ,博菲电气,电气设备,浙江,20250717,20250718,32.11,20250718,31.96,1,-0.004671441918405406,-0.004671441918405406,True,20220930
002278.SZ,神开股份,化工机械,上海,20250717,20250718,9.36,20250901,10.64,2,0.13675213675213693,0.13675213675213693,True,20090811
002786.SZ,银宝山新,专用机械,深圳,20250318,20250718,9.76,20250718,9.66,1,-0.010245901639344246,-0.010245901639344246,True,20151223
600726.SH,华电能源,火力发电,黑龙江,20250519,20250718,2.6,20250718,2.6,1,0.0,0.0,True,19960701
600571.SH,信雅达,软件服务,浙江,20250718,20250721,19.0,20250721,19.06,1,0.0031578947368420263,0.0031578947368420263,True,20021101
603186.SH,华正新材,元器件,浙江,20250321,20250722,30.85,20250722,30.6,1,-0.008103727714748765,-0.008103727714748765,True,20170103
000767.SZ,晋控电力,火力发电,山西,20250722,20250723,3.18,20250723,3.13,1,-0.01572327044025168,-0.01572327044025168,True,19970609
002803.SZ,吉宏股份,互联网,福建,20250722,20250723,15.26,20250724,15.32,2,0.003931847968545288,0.003931847968545288,True,20160712
002961.SZ,瑞达期货,多元金融,福建,20250527,20250723,22.37,20250725,22.34,2,-0.0013410818059902407,-0.0013410818059902407,True,20190905
000506.SZ,招金黄金,黄金,山东,20250626,20250724,10.65,20250725,10.56,2,-0.008450704225352101,-0.008450704225352101,True,19930312
000823.SZ,超声电子,元器件,广东,20250723,20250724,12.22,20250725,12.21,2,-0.0008183306055645767,-0.0008183306055645767,True,19971008
002201.SZ,九鼎新材,玻璃,江苏,20250519,20250724,7.74,20250724,7.78,1,0.0051679586563306845,0.0051679586563306845,True,20071226
002212.SZ,天融信,软件服务,广东,20250303,20250724,8.06,20250725,8.15,2,0.011166253101736912,0.011166253101736912,True,20080201
002558.SZ,巨人网络,互联网,重庆,20250723,20250724,24.2,20250724,24.2,1,0.0,0.0,True,20110302
002657.SZ,中科金财,软件服务,北京,20250703,20250724,29.19,20250724,29.46,1,0.009249743062692772,0.009249743062692772,True,20120228
600149.SH,廊坊发展,综合类,河北,20250723,20250724,5.51,20250725,5.56,2,0.00907441016333932,0.00907441016333932,True,19991014
600446.SH,金证股份,软件服务,深圳,20250722,20250724,18.72,20250801,18.96,3,0.012820512820512997,0.012820512820512997,True,20031224
600505.SH,西昌电力,水力发电,四川,20250717,20250724,15.2,20250724,15.2,1,0.0,0.0,True,20020530
001387.SZ,雪祺电气,家用电器,安徽,20250724,20250725,14.31,20250725,14.27,1,-0.002795248078267032,-0.002795248078267032,True,20240111
002546.SZ,新联电子,电气设备,江苏,20250723,20250725,5.95,20250728,5.94,2,-0.001680672268907557,-0.001680672268907557,True,20110211
600475.SH,华光环能,电气设备,江苏,20250723,20250725,14.58,20250901,21.69,3,0.4876543209876545,0.4876543209876545,True,20030721
600744.SH,华银电力,火力发电,湖南,20250724,20250725,7.34,20250725,7.27,1,-0.0095367847411445,-0.0095367847411445,True,19960905
603628.SH,清源股份,电气设备,福建,20250725,20250728,13.4,20250728,13.44,1,0.0029850746268655914,0.0029850746268655914,True,20170112
000603.SZ,盛达资源,铅锌,北京,20250623,20250729,15.79,20250729,15.93,1,0.008866371120962668,0.008866371120962668,True,19960823
603767.SH,中马传动,汽车配件,浙江,20250724,20250729,17.5,20250729,17.44,1,-0.0034285714285713365,-0.0034285714285713365,True,20170613
603863.SH,松炀资源,造纸,广东,20250723,20250729,15.63,20250729,15.39,1,-0.015355086372360827,-0.015355086372360827,True,20190621
000566.SZ,海南海药,化学制药,海南,20250224,20250730,6.6,20250805,6.5,3,-0.015151515151515138,-0.015151515151515138,True,19940525
000702.SZ,正虹科技,饲料,湖南,20250606,20250730,7.79,20250730,7.74,1,-0.006418485237483895,-0.006418485237483895,True,19970318
601068.SH,中铝国际,建筑工程,北京,20250729,20250730,4.94,20250730,4.9,1,-0.0080971659919028,-0.0080971659919028,True,20180831
603829.SH,洛凯股份,电气设备,江苏,20250725,20250730,17.62,20250730,17.48,1,-0.00794551645856989,-0.00794551645856989,True,20171017
002153.SZ,石基信息,软件服务,北京,20250317,20250731,10.35,20250731,10.27,1,-0.007729468599033784,-0.007729468599033784,True,20070813
002990.SZ,盛视科技,软件服务,深圳,20250310,20250731,31.95,20250731,31.82,1,-0.0040688575899843205,-0.0040688575899843205,True,20200525
000612.SZ,焦作万方,铝,河南,20250530,20250801,8.33,20250801,8.35,1,0.0024009603841537164,0.0024009603841537164,True,19960926
600962.SH,国投中鲁,软饮料,北京,20250522,20250801,18.64,20250908,21.85,3,0.17221030042918462,0.17221030042918462,True,20040622
603196.SH,日播时尚,服饰,上海,20250711,20250801,18.67,20250801,18.46,1,-0.0112479914301018,-0.0112479914301018,True,20170531
605151.SH,西上海,汽车配件,上海,20250731,20250801,19.92,20250801,20.05,1,0.006526104417670542,0.006526104417670542,True,20201215
000158.SZ,常山北明,软件服务,河北,20250311,20250804,22.6,20250804,23.06,1,0.02035398230088492,0.02035398230088492,True,20000724
000727.SZ,冠捷科技,元器件,江苏,20250801,20250804,2.38,20250804,2.4,1,0.008403361344537785,0.008403361344537785,True,19970520
000831.SZ,中国稀土,小金属,江西,20250325,20250804,40.77,20250805,41.23,2,0.011282805984792477,0.011282805984792477,True,19980911
001203.SZ,大中矿业,普钢,内蒙,20250801,20250804,11.48,20250805,11.57,2,0.00783972125435528,0.00783972125435528,True,20210510
002064.SZ,华峰化学,化纤,浙江,20250801,20250804,7.39,20250804,7.39,1,0.0,0.0,True,20060823
002192.SZ,融捷股份,小金属,广东,20250801,20250804,34.97,20250805,34.75,2,-0.006291106662853818,-0.006291106662853818,True,20071205
002394.SZ,联发股份,纺织,江苏,20250801,20250804,9.67,20250804,9.72,1,0.005170630816959676,0.005170630816959676,True,20100423
002730.SZ,电光科技,专用机械,浙江,20250527,20250804,17.03,20250804,17.4,1,0.02172636523781546,0.02172636523781546,True,20141009
002756.SZ,永兴材料,小金属,浙江,20250801,20250804,35.52,20250806,35.57,3,0.0014076576576576016,0.0014076576576576016,True,20150515
600802.SH,福建水泥,水泥,福建,20250801,20250804,5.25,20250804,5.3,1,0.00952380952380949,0.00952380952380949,True,19940103
000567.SZ,海德股份,多元金融,海南,20250801,20250805,6.54,20250808,6.52,2,-0.003058103975535187,-0.003058103975535187,True,19940525
000758.SZ,中色股份,铅锌,北京,20250801,20250805,5.91,20250805,5.92,1,0.0016920473773265332,0.0016920473773265332,True,19970416
002452.SZ,长高电新,电气设备,湖南,20250804,20250805,7.41,20250805,7.42,1,0.0013495276653170407,0.0013495276653170407,True,20100720
600312.SH,平高电气,电气设备,河南,20250804,20250805,15.58,20250805,15.7,1,0.007702182284980763,0.007702182284980763,True,20010221
600338.SH,西藏珠峰,铅锌,西藏,20250801,20250805,11.7,20250805,11.69,1,-0.0008547008547008517,-0.0008547008547008517,True,20001227
600389.SH,江山股份,农药化肥,江苏,20250331,20250805,21.76,20250805,21.96,1,0.009191176470588092,0.009191176470588092,True,20010110
601005.SH,重庆钢铁,普钢,重庆,20250801,20250805,1.53,20250805,1.55,1,0.013071895424836555,0.013071895424836555,True,20070228
603213.SH,镇洋发展,化工原料,浙江,20250801,20250805,12.89,20250805,12.86,1,-0.002327385570209506,-0.002327385570209506,True,20211111
603308.SH,应流股份,机械基件,安徽,20250623,20250805,26.98,20250805,26.59,1,-0.014455151964418156,-0.014455151964418156,True,20140122
002320.SZ,海峡股份,水运,海南,20250805,20250806,7.67,20250806,7.69,1,0.0026075619295959918,0.0026075619295959918,True,20091216
002398.SZ,垒知集团,其他建材,福建,20250806,20250807,5.54,20250807,5.51,1,-0.005415162454873723,-0.005415162454873723,True,20100506
600774.SH,汉商集团,化学制药,湖北,20250425,20250807,10.53,20250807,10.66,1,0.012345679012345734,0.012345679012345734,True,19961108
600830.SH,香溢融通,多元金融,浙江,20250806,20250807,11.04,20250808,10.86,2,-0.016304347826086918,-0.016304347826086918,True,19940224
603822.SH,嘉澳环保,化工原料,浙江,20250801,20250807,61.1,20250812,60.1,3,-0.016366612111292977,-0.016366612111292977,True,20160428
002916.SZ,深南电路,元器件,深圳,20250806,20250808,132.7,20250808,133.5,1,0.006028636021100375,0.006028636021100375,True,20171213
600500.SH,中化国际,塑料,上海,20250530,20250808,4.0,20250812,4.04,2,0.010000000000000009,0.010000000000000009,True,20000301
603083.SH,剑桥科技,通信设备,上海,20250725,20250808,49.32,20250808,49.34,1,0.00040551500405516805,0.00040551500405516805,True,20171110
603590.SH,康辰药业,生物制药,北京,20250514,20250808,57.1,20250808,56.29,1,-0.014185639229422065,-0.014185639229422065,True,20180827
603879.SH,永悦科技,化工原料,江苏,20250624,20250808,7.1,20250808,7.06,1,-0.005633802816901401,-0.005633802816901401,True,20170614
000796.SZ,凯撒旅业,旅游服务,海南,20250808,20250811,4.98,20250811,4.99,1,0.002008032128514081,0.002008032128514081,True,19970703
600216.SH,浙江医药,化学制药,浙江,20250808,20250811,15.51,20250812,15.59,2,0.0051579626047710825,0.0051579626047710825,True,19991021
600418.SH,江淮汽车,汽车整车,安徽,20250808,20250811,47.1,20250811,47.59,1,0.010403397027600958,0.010403397027600958,True,20010824
600515.SH,海南机场,机场,海南,20250808,20250811,3.87,20250811,3.9,1,0.007751937984496138,0.007751937984496138,True,20020806
600682.SH,南京新百,生物制药,江苏,20250808,20250811,7.5,20250901,8.28,3,0.10399999999999987,0.10399999999999987,True,19931018
603116.SH,红蜻蜓,服饰,浙江,20250808,20250811,6.75,20250811,6.75,1,0.0,0.0,True,20150629
002865.SZ,钧达股份,电气设备,海南,20250805,20250812,43.61,20250812,43.26,1,-0.008025682182985605,-0.008025682182985605,True,20170425
605389.SH,长龄液压,机械基件,江苏,20250523,20250812,45.75,20250812,44.92,1,-0.01814207650273225,-0.01814207650273225,True,20210322
600010.SH,包钢股份,普钢,内蒙,20250812,20250813,2.51,20250813,2.51,1,0.0,0.0,True,20010309
600486.SH,扬农化工,农药化肥,江苏,20250812,20250813,65.1,20250813,64.87,1,-0.0035330261136711227,-0.0035330261136711227,True,20020425
603976.SH,正川股份,医疗保健,重庆,20250723,20250813,22.02,20250815,21.79,2,-0.010445049954586727,-0.010445049954586727,True,20170822
603895.SH,天永智能,专用机械,上海,20250319,20250814,29.15,20250814,28.47,1,-0.023327615780445954,-0.023327615780445954,True,20180122
000813.SZ,德展健康,化学制药,新疆,20250304,20250815,4.24,20250815,4.27,1,0.007075471698112956,0.007075471698112956,True,19980519
002287.SZ,奇正藏药,中成药,西藏,20250429,20250815,27.65,20250815,28.29,1,0.023146473779385168,0.023146473779385168,True,20090828
002907.SZ,华森制药,中成药,重庆,20250814,20250815,17.87,20250815,17.94,1,0.003917179630665846,0.003917179630665846,True,20171020
600351.SH,亚宝药业,中成药,山西,20250813,20250815,7.42,20250815,7.44,1,0.0026954177897575704,0.0026954177897575704,True,20020926
603488.SH,展鹏科技,运输设备,江苏,20250724,20250815,8.7,20250815,8.79,1,0.010344827586206806,0.010344827586206806,True,20170516
002012.SZ,凯恩股份,造纸,浙江,20250815,20250818,6.19,20250820,6.06,2,-0.021001615508885463,-0.021001615508885463,True,20040705
000665.SZ,湖北广电,影视音像,湖北,20250522,20250820,5.95,20250820,5.93,1,-0.003361344537815225,-0.003361344537815225,True,19961210
002075.SZ,沙钢股份,特种钢,江苏,20250819,20250820,6.56,20250820,6.62,1,0.009146341463414753,0.009146341463414753,True,20061025
600501.SH,航天晨光,专用机械,江苏,20250819,20250820,24.07,20250820,24.17,1,0.004154549231408344,0.004154549231408344,True,20010615
600629.SH,华建集团,建筑工程,上海,20250514,20250820,13.6,20250820,13.55,1,-0.00367647058823517,-0.00367647058823517,True,19930209
600808.SH,马钢股份,普钢,安徽,20250819,20250820,3.8,20250820,3.8,1,0.0,0.0,True,19940106
002022.SZ,科华生物,医疗保健,上海,20250820,20250821,7.5,20250826,7.34,2,-0.021333333333333315,-0.021333333333333315,True,20040721
002923.SZ,润都股份,化学制药,广东,20250815,20250821,14.99,20250826,14.4,3,-0.03935957304869908,-0.03935957304869908,True,20180105
603127.SH,昭衍新药,医疗保健,北京,20250808,20250821,31.14,20250822,31.2,2,0.0019267822736031004,0.0019267822736031004,True,20170825
600288.SH,大恒科技,元器件,北京,20250820,20250822,12.63,20250822,12.76,1,0.010292953285827355,0.010292953285827355,True,20001129
603538.SH,美诺华,化学制药,浙江,20250821,20250822,27.3,20250822,27.13,1,-0.006227106227106316,-0.006227106227106316,True,20170407
000065.SZ,北方国际,建筑工程,北京,20250714,20250826,11.96,20250826,11.9,1,-0.0050167224080267525,-0.0050167224080267525,True,19980605
600698.SH,湖南天雁,汽车配件,湖南,20250821,20250826,13.14,20250826,12.99,1,-0.011415525114155223,-0.011415525114155223,True,19931206
601696.SH,中银证券,证券,上海,20250807,20250826,16.3,20250826,16.04,1,-0.015950920245398903,-0.015950920245398903,True,20200226
600503.SH,华丽家族,区域地产,上海,20250304,20250828,3.0,20250902,3.08,2,0.026666666666666616,0.026666666666666616,True,20020709
000545.SZ,金浦钛业,化工原料,吉林,20250616,20250829,3.13,20250829,3.1,1,-0.009584664536741117,-0.009584664536741117,True,19931215
000561.SZ,烽火电子,通信设备,陕西,20250708,20250829,12.81,20250829,12.89,1,0.006245120999219367,0.006245120999219367,True,19940509
002334.SZ,英威腾,电气设备,深圳,20250310,20250829,9.81,20250901,9.55,2,-0.02650356778797147,-0.02650356778797147,True,20100113
002562.SZ,兄弟科技,化学制药,浙江,20250724,20250829,6.67,20250829,6.59,1,-0.01199400299850073,-0.01199400299850073,True,20110310
002779.SZ,中坚科技,农用机械,浙江,20250828,20250829,102.82,20250829,101.85,1,-0.009433962264150941,-0.009433962264150941,True,20151209
603211.SH,晋拓股份,汽车配件,上海,20250618,20250829,20.39,20250829,19.99,1,-0.019617459538989857,-0.019617459538989857,True,20220725
002480.SZ,新筑股份,运输设备,四川,20250328,20250901,6.99,20250901,6.97,1,-0.0028612303290415086,-0.0028612303290415086,True,20100921
002879.SZ,长缆科技,电气设备,湖南,20250320,20250901,17.85,20250901,18.01,1,0.008963585434173638,0.008963585434173638,True,20170707
002885.SZ,京泉华,元器件,深圳,20250826,20250901,15.75,20250901,15.78,1,0.0019047619047618536,0.0019047619047618536,True,20170627
600143.SH,金发科技,塑料,广东,20250312,20250901,16.01,20250901,15.82,1,-0.011867582760774598,-0.011867582760774598,True,20040623
603897.SH,长城科技,电气设备,浙江,20250522,20250901,26.96,20250901,26.8,1,-0.005934718100890191,-0.005934718100890191,True,20180410
601231.SH,环旭电子,元器件,上海,20250304,20250903,18.67,20250903,18.42,1,-0.01339046598821636,-0.01339046598821636,True,20120220
603236.SH,移远通信,通信设备,上海,20250214,20250903,99.76,20250903,97.71,1,-0.02054931836407392,-0.02054931836407392,True,20190716
603057.SH,紫燕食品,食品,上海,20250428,20250905,23.71,20250908,23.42,2,-0.012231126107127732,-0.012231126107127732,True,20220926
603198.SH,迎驾贡酒,白酒,安徽,20250904,20250905,44.5,20250905,44.38,1,-0.002696629213483126,-0.002696629213483126,True,20150528
605155.SH,西大门,家居用品,浙江,20250326,20250905,14.59,20250905,14.56,1,-0.0020562028786840214,-0.0020562028786840214,True,20201231
605179.SH,一鸣食品,乳制品,浙江,20250425,20250908,22.58,20250911,22.97,2,0.01727192205491579,0.01727192205491579,True,20201228
002371.SZ,北方华创,半导体,北京,20250318,20250909,368.8,20250909,363.69,1,-0.013855748373101995,-0.013855748373101995,True,20100316
002518.SZ,科士达,电气设备,深圳,20250304,20250909,34.17,20250909,34.04,1,-0.003804506877377878,-0.003804506877377878,True,20101207
603227.SH,雪峰科技,化工原料,新疆,20250320,20250909,9.42,20250909,9.32,1,-0.010615711252653925,-0.010615711252653925,True,20150515
000029.SZ,深深房A,区域地产,深圳,20250909,20250910,27.18,20250910,27.5,1,0.011773362766740236,0.011773362766740236,True,19930915
000839.SZ,国安股份,综合类,北京,20250909,20250910,2.82,20250910,2.84,1,0.007092198581560183,0.007092198581560183,True,19971031
001388.SZ,信通电子,电气设备,山东,20250909,20250910,49.25,20250910,49.46,1,0.0042639593908628814,0.0042639593908628814,True,20250701
002273.SZ,水晶光电,元器件,浙江,20250909,20250910,25.56,20250910,25.77,1,0.008215962441314506,0.008215962441314506,True,20080919
002357.SZ,富临运业,公共交通,四川,20250312,20250910,10.93,20250910,10.83,1,-0.009149130832570851,-0.009149130832570851,True,20100210
002571.SZ,德力股份,家居用品,安徽,20250401,20250910,7.34,20250910,7.31,1,-0.004087193460490468,-0.004087193460490468,True,20110412
002600.SZ,领益智造,元器件,广东,20250305,20250910,13.74,20250910,13.7,1,-0.0029112081513829047,-0.0029112081513829047,True,20110715
002842.SZ,翔鹭钨业,小金属,广东,20250526,20250910,11.6,20250911,11.74,2,0.012068965517241459,0.012068965517241459,True,20170119
600725.SH,云维股份,商贸代理,云南,20250326,20250910,3.49,20250910,3.48,1,-0.002865329512894088,-0.002865329512894088,True,19960702
601020.SH,华钰矿业,铅锌,西藏,20250327,20250910,25.48,20250910,25.4,1,-0.0031397174254317317,-0.0031397174254317317,True,20160316
000877.SZ,天山股份,水泥,新疆,20250909,20250911,6.35,20250911,6.39,1,0.006299212598425141,0.006299212598425141,True,19990107
600397.SH,安源煤业,煤炭开采,江西,20250528,20250911,7.76,20250911,7.86,1,0.012886597938144506,0.012886597938144506,True,20020702
600671.SH,天目药业,中成药,浙江,20250910,20250911,18.24,20250911,18.41,1,0.009320175438596534,0.009320175438596534,True,19930823
603655.SH,朗博科技,汽车配件,江苏,20250910,20250911,36.67,20250911,36.68,1,0.00027270248159250166,0.00027270248159250166,True,20171229
000581.SZ,威孚高科,汽车配件,江苏,20250910,20250912,21.75,20250912,21.46,1,-0.013333333333333308,-0.013333333333333308,True,19980924
002549.SZ,凯美特气,环境保护,湖南,20250716,20250912,16.12,20250912,16.14,1,0.001240694789081953,0.001240694789081953,True,20110218
000920.SZ,沃顿科技,塑料,贵州,20250912,20250915,12.4,20250915,12.45,1,0.004032258064516014,0.004032258064516014,True,19990616
002423.SZ,中粮资本,多元金融,河南,20250908,20250915,13.22,20250915,13.13,1,-0.006807866868381196,-0.006807866868381196,True,20100603
600438.SH,通威股份,电气设备,四川,20250912,20250915,22.05,20250916,22.39,2,0.015419501133786762,0.015419501133786762,True,20040302
000599.SZ,青岛双星,汽车配件,山东,20250912,20250916,5.32,20250916,5.34,1,0.003759398496240518,0.003759398496240518,True,19960430
600628.SH,新世界,百货,上海,20250915,20250916,7.76,20250916,7.8,1,0.005154639175257714,0.005154639175257714,True,19930119
603663.SH,三祥新材,小金属,福建,20250710,20250916,29.0,20250916,28.95,1,-0.0017241379310345417,-0.0017241379310345417,True,20160801
603919.SH,金徽酒,白酒,甘肃,20250915,20250916,21.9,20250916,21.98,1,0.0036529680365298134,0.0036529680365298134,True,20160310
