ts_code,trade_date,open,high,low,close,vol,K,D,J,diff,ma30,name,industry,area,list_date
605162.SH,20250723,9.18,9.22,9.07,9.12,172312.44,20.310818453014036,41.441446502608244,-21.95043764617438,0.5279638614649826,8.562000000000001,新中港,供气供热,浙江,20210707
605168.SH,20250723,31.51,31.86,31.29,31.48,43952.9,18.06819717462538,36.666625627503144,-19.128659731130156,0.9762240258951849,30.295666666666666,三人行,互联网,陕西,20200528
002636.SZ,20250723,11.93,12.09,11.8,11.82,288011.44,13.331205584175697,29.508071438778444,-19.0225261250298,0.798358147893488,10.744666666666667,金安国纪,元器件,上海,20111125
000803.SZ,20250723,6.4,6.45,6.25,6.27,239417.16,19.07392102157822,38.041986008103,-18.862208951471345,0.15020213043221986,6.267333333333334,山高环能,环境保护,四川,19980303
002905.SZ,20250723,9.15,9.26,9.04,9.05,51818.0,9.968588780210897,24.208085286603257,-18.510404232573823,0.07454555313523592,9.258333333333333,金逸影视,影视音像,广东,20171016
002201.SZ,20250723,7.86,7.89,7.75,7.76,199412.33,12.405077720891361,27.667725310736422,-18.120217458798763,0.3725100507609591,7.157666666666667,九鼎新材,玻璃,江苏,20071226
600571.SH,20250723,18.53,18.78,18.35,18.51,323941.26,12.0758097933125,26.94158287343633,-17.655736366935166,0.6736396107948615,17.90333333333333,信雅达,软件服务,浙江,20021101
002314.SZ,20250723,2.95,2.99,2.91,2.91,654442.66,10.319484478551368,24.2039094771447,-17.44936551863529,0.08867265040920813,2.8546666666666662,南山控股,区域地产,深圳,20091203
000601.SZ,20250723,5.55,5.58,5.41,5.41,420704.2,12.197407902248704,26.395838176222718,-16.199452645699324,0.09029114120121484,5.298666666666667,韶能股份,水力发电,广东,19960830
000607.SZ,20250723,5.0,5.15,4.8,4.85,807424.0,18.961587784499383,36.409558791244265,-15.934354228990387,0.24425570666173613,4.662333333333334,华媒控股,广告包装,浙江,19960830
600476.SH,20250723,18.29,18.38,18.03,18.1,73406.1,17.05629906158915,33.49534614521778,-15.821795105668109,0.21554803552779944,18.415999999999997,湘邮科技,软件服务,湖南,20031210
600744.SH,20250723,7.37,7.58,7.36,7.45,1435823.01,29.586515994983724,52.26545890142552,-15.771369817899867,0.8051253473803266,5.9863333333333335,华银电力,火力发电,湖南,19960905
600250.SH,20250723,11.9,12.06,11.77,11.83,179482.0,18.070932404691362,34.91490527221609,-15.617013330358091,0.3990511656423159,12.441666666666666,南京商旅,商贸代理,江苏,20010306
002052.SZ,20250723,10.82,11.33,10.65,10.73,285285.16,10.399522544846958,23.3718541531285,-15.545140671716126,0.25737235333641806,10.818000000000001,同洲电子,家用电器,深圳,20060627
301176.SZ,20250723,31.54,31.99,31.03,31.42,95717.63,17.605792412410697,33.84738245801215,-14.877387678792203,2.9307000010921485,28.290333333333333,逸豪新材,元器件,江西,20220928
002295.SZ,20250723,9.66,9.74,9.55,9.64,137972.0,20.080348210332204,37.385313731233616,-14.52958283147062,0.42382317117245627,9.206999999999999,精艺股份,铜,广东,20090929
002721.SZ,20250723,3.84,3.89,3.78,3.86,1563797.0,12.068865512459244,25.09558167234426,-13.984566807310784,0.19443804559498634,3.6973333333333334,金一文化,服饰,北京,20140127
605006.SH,20250723,7.71,7.74,7.53,7.53,267272.53,13.031535520291063,26.454715629265753,-13.814824697658317,0.260312427321872,7.401999999999999,山东玻纤,玻璃,山东,20200903
300542.SZ,20250723,21.9,22.17,21.72,21.76,91279.0,8.631978951956771,19.85339288231571,-13.810848908761105,0.2455154296705082,22.575333333333333,新晨科技,软件服务,北京,20160920
300138.SZ,20250723,13.17,13.25,13.03,13.05,68843.06,14.617179800764795,28.797368521412594,-13.743197640530802,0.3613466318183143,12.581999999999999,晨光生物,食品,河北,20101105
600475.SH,20250723,14.6,14.75,14.38,14.47,138055.03,22.725964733885935,40.860373100805134,-13.542851999952461,1.138886447295386,12.690333333333333,华光环能,电气设备,江苏,20030721
603601.SH,20250723,4.6,4.64,4.56,4.58,358490.04,7.258726196254017,17.638044202277477,-13.499909815792904,0.20560271024337506,4.312666666666667,再升科技,玻璃,重庆,20150122
603112.SH,20250723,17.49,17.65,17.17,17.2,105233.06,22.54079480418787,40.38979279642589,-13.157201180288169,0.23109533984731812,17.468,华翔股份,机械基件,山西,20200917
300936.SZ,20250723,39.85,40.22,39.51,39.68,13405.0,16.538476390923684,31.307820599064474,-13.000212025357897,0.8623633011703689,39.160666666666664,中英科技,元器件,江苏,20210126
603488.SH,20250723,8.25,8.36,8.2,8.27,84229.4,19.122649813110435,35.159061112762615,-12.950172786193924,0.12541418240957647,8.187000000000001,展鹏科技,运输设备,江苏,20170516
301345.SZ,20250723,133.21,139.48,133.21,135.27,22249.42,25.92299955559065,45.31410201705543,-12.859205367338916,11.626281658932257,119.52299999999998,涛涛车业,摩托车,浙江,20230321
002587.SZ,20250723,6.52,6.57,6.44,6.45,209505.5,20.932248570062175,37.77909292276745,-12.761440135348366,0.11664920775686038,6.445333333333333,奥拓电子,元器件,深圳,20110610
002093.SZ,20250723,12.36,12.46,12.28,12.3,277620.15,10.494983416275824,22.105342054190164,-12.725733859552854,0.22443311979055025,12.259999999999998,国脉科技,文教休闲,福建,20061215
000899.SZ,20250723,9.5,9.52,9.29,9.3,192342.01,19.740284423742896,35.96443161398768,-12.708009956746665,0.11291365834740219,9.165999999999999,赣能股份,火力发电,江西,19971126
300700.SZ,20250723,11.38,11.43,11.03,11.07,129640.19,14.393652614120986,27.900507104408774,-12.620056366454591,0.2256814138972949,11.371999999999998,岱勒新材,矿物制品,湖南,20170912
603726.SH,20250723,17.85,17.92,17.66,17.66,51751.0,11.097047711268079,22.95453582332037,-12.6179285128365,0.4888535175090283,17.000333333333334,朗迪集团,家用电器,浙江,20160421
300779.SZ,20250723,187.81,190.49,185.68,188.76,30913.89,20.25894509486661,36.69252704242937,-12.608218800258904,7.050032346305045,190.60333333333335,惠城环保,环境保护,山东,20190522
301208.SZ,20250723,45.27,46.31,45.27,45.55,49851.45,17.70134883072163,32.82114501894937,-12.538243545733849,1.2572341900329747,44.69666666666667,中亦科技,软件服务,北京,20220707
603086.SH,20250723,10.02,10.02,9.7,9.71,359018.64,13.477069863261349,26.442795597865366,-12.454381605946686,0.17137894225661654,9.965,先达股份,农药化肥,山东,20170511
300941.SZ,20250723,27.51,27.53,27.01,27.1,53772.0,12.619386133695912,25.073450161611138,-12.288741922134541,0.2617828480943025,28.296,创识科技,IT设备,福建,20210209
002263.SZ,20250723,3.7,3.72,3.59,3.61,2039075.05,11.062337000789745,22.73553389340993,-12.284056784450627,0.18873120659178433,3.5309999999999997,大东南,塑料,浙江,20080728
002649.SZ,20250723,14.57,14.71,14.49,14.6,165185.0,18.718512192056505,34.21394889278617,-12.272361209402831,0.23955252902845459,14.436,博彦科技,软件服务,北京,20120106
300982.SZ,20250723,20.78,20.89,20.11,20.11,79079.6,18.49663808094854,33.838660689036814,-12.187407135228014,0.7708570233697252,19.211666666666666,苏文电能,建筑工程,江苏,20210427
300002.SZ,20250723,12.42,12.58,12.35,12.36,358372.22,24.546602509882167,42.85874085521627,-12.077674180786033,0.3315008605216043,11.916,神州泰岳,互联网,北京,20091030
002803.SZ,20250723,15.26,15.33,15.1,15.14,97683.51,15.233376303379943,28.886214256870186,-12.072299603600541,0.41490703623033554,14.468333333333332,吉宏股份,互联网,福建,20160712
002899.SZ,20250723,22.79,22.8,22.2,22.35,33633.0,16.248952274293053,30.36125090552281,-11.975644988166458,0.20759706002955625,23.027333333333335,英派斯,文教休闲,山东,20170915
003015.SZ,20250723,16.61,16.67,16.24,16.29,184554.05,13.912133167583363,26.8321351592956,-11.92787081584111,0.2958176690152179,16.668333333333333,日久光电,元器件,江苏,20201021
000948.SZ,20250723,20.3,20.3,19.79,19.83,182217.11,14.677725639914192,27.89462769414436,-11.75607846854615,0.11985675223841952,20.502666666666663,南天信息,软件服务,云南,19991014
603002.SH,20250723,6.68,6.74,6.61,6.61,317208.0,12.760269388064907,24.959114308378624,-11.637420452562523,0.18337774399653295,6.512666666666667,宏昌电子,化工原料,广东,20120518
002623.SZ,20250723,23.45,23.47,22.12,22.44,247748.9,29.019436439655593,49.33614158721887,-11.61397385547096,2.135655102917937,19.305666666666664,亚玛顿,玻璃,江苏,20111013
603778.SH,20250723,4.1,4.13,3.91,3.92,1038032.47,27.57423837160953,47.16091868869306,-11.599122262557529,0.2517457392555076,3.6689999999999996,国晟科技,电气设备,北京,20151231
300246.SZ,20250723,9.08,9.15,8.98,9.0,112177.3,17.28207026116743,31.67254638433286,-11.498881985163436,0.3607886163554763,8.485333333333333,宝莱特,医疗保健,广东,20110719
002218.SZ,20250723,3.88,3.97,3.77,3.78,1199965.73,21.97099350608448,38.69462103706796,-11.476261555882488,0.17536145682964177,3.4993333333333334,拓日新能,新型电力,深圳,20080228
002609.SZ,20250723,11.33,11.41,11.23,11.27,105104.0,19.207944561547247,34.45946955607364,-11.295105427505547,0.19368194901156954,11.186666666666666,捷顺科技,软件服务,深圳,20110815
301266.SZ,20250723,35.06,35.5,34.66,34.7,28124.0,23.133392090251743,40.32847241168469,-11.256768552614162,0.9330172690268554,33.54,宇邦新材,电气设备,江苏,20220608
002481.SZ,20250723,5.49,5.52,5.41,5.41,140960.98,18.12150992542995,32.770976138322176,-11.177422500354496,0.06470689305513222,5.344333333333334,双塔食品,食品,山东,20100921
601916.SH,20250723,3.47,3.54,3.46,3.5,2833309.38,16.144987074332477,29.77595391031971,-11.116946597641991,0.03947105012718399,3.557666666666667,浙商银行,银行,浙江,20191126
002908.SZ,20250723,11.04,11.28,10.85,11.05,296460.65,23.930456925984572,41.42510187210598,-11.058832966258237,0.4387539048682516,10.463333333333335,德生科技,软件服务,广东,20171020
301197.SZ,20250723,20.36,20.5,20.02,20.08,36728.0,6.132288313765065,14.722573133712768,-11.048281326130343,0.26800238554434586,21.353666666666665,工大科雅,软件服务,河北,20220808
300763.SZ,20250723,60.06,60.06,57.96,58.15,104874.6,24.147826175567694,41.74064689528187,-11.037815263860665,1.2670694158727684,57.42466666666667,锦浪科技,电气设备,浙江,20190319
300348.SZ,20250723,17.66,18.15,17.44,17.93,594740.08,21.799721911943305,38.209981297098274,-11.020796858366637,0.8946714575445931,17.086333333333336,长亮科技,软件服务,深圳,20120817
300649.SZ,20250723,17.17,17.2,16.76,16.96,83734.0,10.550785257823907,21.222874434401778,-10.793393095331833,0.9746753821615073,16.492,杭州园林,建筑工程,浙江,20170505
301024.SZ,20250723,48.31,49.8,46.91,47.4,33662.0,9.138928710132515,19.05823241150012,-10.6996786926027,1.8131079801078656,47.61266666666666,霍普股份,建筑工程,上海,20210728
300317.SZ,20250723,4.24,4.25,4.14,4.15,257445.24,10.573605395814013,21.16129712500406,-10.601778062566083,0.06659327771598544,4.1466666666666665,珈伟新能,电气设备,深圳,20120511
300947.SZ,20250723,23.17,23.9,22.97,23.32,66436.74,11.127899696710791,21.9657533207559,-10.547807551379428,0.3358164112742479,23.737333333333332,德必集团,房产服务,上海,20210210
300364.SZ,20250723,25.5,25.59,25.11,25.15,312802.44,21.36092186516109,37.295811894221956,-10.508858192960645,0.49093485546456606,26.208666666666666,中文在线,出版业,北京,20150121
603129.SH,20250723,208.0,215.6,207.1,211.92,19919.57,18.327448272896426,32.62910394438191,-10.275863070074543,2.7476305021469614,220.603,春风动力,摩托车,浙江,20170818
300335.SZ,20250723,5.98,6.0,5.8,5.83,298363.7,14.024387312220929,26.15060719063628,-10.228052444609773,0.15606311090734604,5.723666666666667,迪森股份,供气供热,广东,20120710
002987.SZ,20250723,21.32,21.87,20.92,21.46,479157.05,13.97485404659901,26.046056963369146,-10.16755178694126,1.2710298620402902,19.72733333333333,京北方,软件服务,北京,20200507
605500.SH,20250723,10.6,11.35,10.4,11.15,435499.49,34.23525616993132,56.43382773169847,-10.161886953602988,1.243366691423022,9.415999999999999,森林包装,造纸,浙江,20201222
300180.SZ,20250723,8.93,8.97,8.7,8.8,937947.56,14.805248950880598,27.214920531675318,-10.01409421070884,0.17480779436926497,8.993666666666666,华峰超纤,化纤,上海,20110222
003003.SZ,20250723,12.7,12.7,12.41,12.42,109729.0,18.216991424578286,32.283305668471584,-9.915637063208308,0.1735923953419647,12.143,天元股份,广告包装,广东,20200921
301658.SZ,20250723,34.5,34.79,33.4,33.4,72461.0,19.96252703488832,34.868744807789255,-9.84990851091355,1.3580234268720872,31.754666666666665,首航新能,电气设备,深圳,20250402
000555.SZ,20250723,13.03,13.2,12.95,13.05,244943.0,10.113868512835671,19.96973249901963,-9.597859459532252,0.14486377127638939,13.489666666666666,神州信息,软件服务,深圳,19940408
300778.SZ,20250723,16.35,16.36,15.75,15.85,159408.89,24.681346222475526,41.81656934233801,-9.58910001724945,1.0863321081796204,14.256,新城市,建筑工程,深圳,20190510
301263.SZ,20250723,38.39,38.71,35.7,35.73,178432.91,30.726897235747032,50.872464445090955,-9.564237182940815,1.5916786222249186,37.281666666666666,泰恩康,医药商业,广东,20220329
603328.SH,20250723,10.01,10.04,9.93,9.96,141123.0,23.969293143657076,40.73211020384939,-9.55634097672754,0.2210067322652307,9.725333333333333,依顿电子,元器件,广东,20140701
301120.SZ,20250723,12.55,12.82,12.02,12.03,267983.5,23.577261781800917,39.90751228990219,-9.083239234401631,0.6712781074736842,11.209666666666665,新特电气,电气设备,北京,20220419
301123.SZ,20250723,24.02,24.23,23.5,23.57,73262.0,16.88121711501404,29.845456975403582,-9.047262605765049,0.6895295432164552,23.042333333333332,奕东电子,元器件,广东,20220125
002095.SZ,20250723,21.37,21.64,20.95,21.03,138758.6,28.421795630535456,47.11970704618378,-8.974027200761185,0.4751166963538438,20.557666666666666,生意宝,互联网,浙江,20061215
600016.SH,20250723,5.26,5.29,5.21,5.23,2678524.69,29.160399000343745,48.21157815332383,-8.941959305616422,0.18475071565254186,5.031333333333333,民生银行,银行,北京,20001219
603123.SH,20250723,13.3,13.37,13.08,13.16,337668.52,10.365622299723453,19.968874630099325,-8.840882361028292,0.2935490373307079,13.813333333333334,翠微股份,多元金融,北京,20120503
001236.SZ,20250723,12.82,13.12,12.73,12.76,368623.0,10.972345692906543,20.871965067278452,-8.826893055837274,0.4734916664691262,12.598333333333333,弘业期货,多元金融,江苏,20220805
002474.SZ,20250723,7.01,7.06,6.97,6.97,164160.04,21.41185193912083,36.509004009328,-8.78245220129351,0.058936400372578746,7.0,榕基软件,软件服务,福建,20100915
601398.SH,20250723,7.59,7.73,7.56,7.65,4891056.37,14.247588325251634,25.75422996811388,-8.765694960472857,0.09220998088320975,7.575,工商银行,银行,北京,20061027
300231.SZ,20250723,11.92,11.99,11.78,11.81,116421.85,25.430850476164768,42.50240637061186,-8.71226131272941,0.09568491944101254,11.957333333333334,银信科技,软件服务,北京,20110615
301665.SZ,20250723,30.3,30.67,30.17,30.23,27634.92,13.702040024896155,24.882981919770224,-8.659843764851985,0.04180848742181098,31.094666666666665,泰禾股份,农药化肥,江苏,20250411
600236.SH,20250723,6.6,6.61,6.5,6.51,210081.99,11.93642755241725,22.213033318455096,-8.616783979658443,0.04387562525904798,6.503,桂冠电力,水力发电,广西,20000323
000037.SZ,20250723,9.64,9.65,9.26,9.29,223618.75,17.40098523012957,30.310002274642898,-8.417048858897083,0.17575148101879456,9.335333333333331,深南电A,火力发电,深圳,19940701
600191.SH,20250723,7.75,7.81,7.67,7.68,65795.37,12.162691761914795,22.432112063079572,-8.376148840414757,0.07617359467882423,7.6483333333333325,华资实业,食品,内蒙,19981210
301577.SZ,20250723,58.68,58.96,58.4,58.61,6242.0,14.266230788317324,25.551962030819062,-8.30523169668615,0.9521827390447442,58.181000000000004,美信科技,元器件,广东,20240124
300993.SZ,20250723,14.15,14.33,14.07,14.08,75668.74,5.62537578045391,12.5824254640876,-8.288723586813468,0.5250222240451201,13.597666666666667,玉马科技,家居用品,山东,20210524
603139.SH,20250723,22.07,22.13,21.58,21.62,21843.0,13.396039240366344,24.198380853681762,-8.20864398626449,0.1757729208931309,22.478333333333335,康惠制药,中成药,陕西,20170421
603118.SH,20250723,10.83,11.04,10.76,10.9,217065.54,18.827979302047087,32.323399622180574,-8.162861338219884,0.2539397213401813,10.746333333333334,共进股份,通信设备,深圳,20150225
601997.SH,20250723,6.57,6.69,6.57,6.62,610505.68,22.81122180386413,38.28467166090912,-8.135677910225851,0.13362483535979575,6.431666666666667,贵阳银行,银行,贵州,20160816
000514.SZ,20250723,6.06,6.15,5.97,5.98,514392.53,32.94424564333107,53.46521671261245,-8.097696495231688,0.4540122226483323,5.228,渝开发,区域地产,重庆,19930712
600734.SH,20250723,4.08,4.25,4.07,4.13,574348.71,20.9204118329994,35.34691280500507,-7.93259011101194,0.0554865984264854,4.067,实达集团,软件服务,福建,19960808
605258.SH,20250723,30.21,30.37,30.05,30.15,14627.0,16.3789783574026,28.506325631300275,-7.875716190392744,0.33378578346555443,30.353666666666665,协和电子,元器件,江苏,20201203
002579.SZ,20250723,12.43,12.45,12.24,12.25,376310.71,7.092762567117034,14.571946114651672,-7.865604527952243,0.5361568542211366,12.191666666666666,中京电子,元器件,广东,20110506
605028.SH,20250723,19.1,19.19,18.64,18.68,39683.0,10.217793531769725,19.243107682523174,-7.832834769737172,0.2797973631378312,19.046,世茂能源,供气供热,浙江,20210712
002845.SZ,20250723,14.9,14.99,14.63,14.66,70386.6,14.30873712973621,25.266093820280865,-7.605976251353098,0.21692280497776473,14.637,同兴达,元器件,深圳,20170125
300674.SZ,20250723,27.38,27.8,26.9,27.41,330035.2,19.089806925651413,32.43442833813108,-7.59943589930792,0.5957132616680276,27.795,宇信科技,软件服务,北京,20181107
002866.SZ,20250723,18.21,18.27,17.96,17.97,81579.0,10.626313539614756,19.705999599375215,-7.533058579906161,0.14425556332034972,18.521333333333335,传艺科技,IT设备,江苏,20170426
002520.SZ,20250723,6.62,6.65,6.47,6.51,383721.0,24.822843920150962,40.87891030049682,-7.289288840540749,0.09558082051949324,6.431333333333333,日发精机,机床制造,浙江,20101210
601169.SH,20250723,6.69,6.77,6.68,6.7,1049351.34,9.900278529160278,18.391353462658714,-7.081871337836592,0.025844343632637212,6.874333333333334,北京银行,银行,北京,20070919
301192.SZ,20250723,25.55,25.82,25.0,25.11,13183.89,30.92691184547339,49.924958339117545,-7.069181141814923,1.1124903955067538,23.712333333333333,泰祥股份,汽车配件,湖北,20220811
301150.SZ,20250723,22.06,22.19,21.45,21.66,101411.61,15.806205325094368,27.189479431677977,-6.9603428880728515,0.6536772803767974,21.139,中一科技,电气设备,湖北,20220421
002537.SZ,20250723,10.3,10.3,9.92,10.07,866216.2,22.558621384238197,37.27427532799955,-6.872686503284498,0.33975679471046405,10.080333333333334,海联金汇,汽车配件,山东,20110110
000892.SZ,20250723,4.57,4.74,4.56,4.67,813795.35,13.37548979972798,23.492654840156078,-6.8588402811282165,0.15417279176309773,4.546333333333333,欢瑞世纪,影视音像,重庆,19990115
000531.SZ,20250723,6.66,6.73,6.58,6.59,107079.8,26.207900279450627,42.60082311383912,-6.577945389326359,0.13350194249611835,6.309666666666668,穗恒运A,火力发电,广东,19940106
000590.SZ,20250723,11.83,12.16,11.71,11.78,137621.1,27.17528706836317,44.03221631644353,-6.5385714277975495,0.587459053380309,11.163333333333332,启迪药业,中成药,湖南,19960119
603585.SH,20250723,19.37,19.55,19.08,19.11,37744.51,19.063662349713194,31.815125311873604,-6.439263574607629,0.27591855338539517,20.089333333333332,苏利股份,农药化肥,江苏,20161214
300987.SZ,20250723,18.69,18.95,18.5,18.58,71632.3,14.331145895353655,24.700040460121294,-6.406643234181622,0.19286261721049414,19.314,川网传媒,互联网,四川,20210511
301178.SZ,20250723,53.68,54.45,52.92,54.06,22857.2,23.63511850906709,38.65489485087028,-6.40443417453929,3.243337488108722,49.361666666666665,天亿马,软件服务,广东,20211112
002558.SZ,20250723,24.0,24.52,23.77,24.25,357053.82,23.675809931552415,38.70942506593864,-6.391420337220026,1.4231961010043115,22.703333333333333,巨人网络,互联网,重庆,20110302
600226.SH,20250723,2.86,2.87,2.78,2.8,1061307.0,25.281087073885228,41.01176250266562,-6.1802637836755565,0.027649917231243215,2.7823333333333333,亨通股份,供气供热,浙江,19991116
002366.SZ,20250723,8.47,8.72,8.33,8.38,2430837.4,15.504211949096225,26.346410387128063,-6.180184926967449,0.2918542829862041,8.384666666666666,融发核电,专用机械,四川,20100312
001896.SZ,20250723,5.71,5.81,5.67,5.69,531318.38,35.61406608448762,56.436958690888424,-6.031719128313995,0.36674060716449297,5.226666666666666,豫能控股,火力发电,河南,19980122
301428.SZ,20250723,40.0,40.42,39.68,39.97,23865.59,24.882837383683675,40.33766718864681,-6.026822226242601,0.512186436710202,40.13133333333333,世纪恒通,互联网,贵州,20230519
300264.SZ,20250723,6.21,6.25,6.13,6.16,135349.2,14.377472084031215,24.570400800645107,-6.0083853491965655,0.09019427762970977,6.234333333333334,佳创视讯,软件服务,深圳,20110916
300860.SZ,20250723,28.96,29.47,28.85,28.86,50103.08,21.163859399892186,34.716965480499695,-5.942352761322837,0.6661439623921694,28.17866666666667,锋尚文化,文教休闲,北京,20200824
301010.SZ,20250723,18.18,18.18,17.83,17.86,32266.99,14.847066095866273,25.239699537418794,-5.93820078723877,0.3820356017285462,17.509333333333334,晶雪节能,其他建材,江苏,20210618
301041.SZ,20250723,25.8,25.8,25.36,25.52,31525.0,16.074617683695454,27.080422168452998,-5.93699128581963,0.5278824870179442,25.28033333333333,金百泽,元器件,深圳,20210811
300079.SZ,20250723,5.78,5.86,5.75,5.79,341728.7,26.412167047937906,42.53716501749258,-5.837828891171455,0.07327013517659431,5.741666666666666,数码视讯,IT设备,北京,20100430
300465.SZ,20250723,15.9,15.97,15.67,15.73,153746.4,8.873853179319656,16.228108431529083,-5.834657325099197,0.1860001692874711,15.915000000000001,高伟达,软件服务,北京,20150528
301282.SZ,20250723,24.6,24.63,24.3,24.37,43862.0,14.72260247585008,24.98718834239851,-5.806569257246785,0.6136804326287155,24.034666666666666,金禄电子,元器件,广东,20220826
600287.SH,20250723,5.75,5.81,5.7,5.75,65367.0,11.133706444408833,19.529527901106203,-5.657936468985902,0.011851718109130438,6.084,苏豪时尚,商贸代理,江苏,20000901
300315.SZ,20250723,5.54,5.6,5.51,5.52,735618.14,10.620142812323296,18.750229161576687,-5.640029886183484,0.0363834018061171,5.705333333333333,掌趣科技,互联网,北京,20120511
002181.SZ,20250723,6.69,6.79,6.68,6.71,271076.32,12.201045920218382,21.086238831120653,-5.5693399015861615,0.04200346272598132,7.094666666666667,粤传媒,出版业,广东,20071116
600052.SH,20250723,4.42,4.48,4.39,4.4,87973.01,12.992750128251828,22.232405870723397,-5.486561356691311,0.03864083765589754,4.407666666666667,东望时代,供气供热,浙江,19970415
003029.SZ,20250723,27.2,27.73,26.9,27.45,100542.37,17.794777543594968,29.371812281117958,-5.359291931451011,0.8295541346627608,27.921666666666667,吉大正元,软件服务,吉林,20201224
300537.SZ,20250723,25.0,25.19,24.32,24.46,160336.64,17.130366980330344,28.29534713137275,-5.19959332175447,0.9886852500462098,24.140333333333334,广信材料,染料涂料,江苏,20160830
600983.SH,20250723,11.01,11.04,10.87,10.88,59626.56,14.834527345581417,24.819481327226157,-5.135380617708066,0.15167027771936858,10.715,惠而浦,家用电器,安徽,20040727
300196.SZ,20250723,14.23,14.3,13.96,14.01,124718.0,16.258270178073463,26.953084946310305,-5.131359358400218,0.5060749170390668,13.251,长海股份,玻璃,江苏,20110329
001298.SZ,20250723,28.9,29.08,28.6,28.66,113735.6,5.571898341437665,10.907546081319504,-5.099397138326015,0.9027195900046294,27.89466666666667,好上好,元器件,深圳,20221031
300299.SZ,20250723,7.1,7.15,7.04,7.04,273882.85,12.45394957985088,21.225449438788335,-5.089050138024028,0.03893449878689381,7.461333333333333,富春股份,互联网,福建,20120319
000600.SZ,20250723,7.63,7.71,7.48,7.5,439467.41,28.73140829659685,45.59018383572619,-4.986142781661826,0.1544039561166679,7.415333333333334,建投能源,火力发电,河北,19960606
600015.SH,20250723,8.15,8.31,8.15,8.21,530328.75,18.82701908015276,30.709766487746826,-4.938475735035375,0.08847505003578604,8.168333333333333,华夏银行,银行,北京,20030912
600927.SH,20250723,16.33,16.38,15.95,16.0,211188.66,23.668285092333974,37.93987281201266,-4.8748903470233955,0.6177602670329527,15.254666666666667,永安期货,多元金融,浙江,20211223
002208.SZ,20250723,7.2,7.28,7.09,7.1,213188.0,23.82126202427517,38.08102575754199,-4.69826544225846,0.10656672470046047,7.0216666666666665,合肥城建,区域地产,安徽,20080128
605366.SH,20250723,6.81,6.81,6.53,6.57,311262.44,24.07179647720299,38.40505045981619,-4.594711488023407,0.17594486928358943,6.407333333333333,宏柏新材,化工原料,江西,20200812
301106.SZ,20250723,30.28,30.58,30.04,30.11,12430.8,21.827336719632513,35.033890298606266,-4.585770438314995,0.5006434173940022,29.765666666666668,骏成科技,元器件,江苏,20220128
002235.SZ,20250723,8.46,8.5,8.31,8.38,562738.75,9.869705350910188,17.061236005394367,-4.51335595805817,0.2590792080760185,8.918666666666667,安妮股份,造纸,福建,20080516
000838.SZ,20250723,2.94,3.0,2.88,2.89,353828.1,21.23639396346585,34.04725536703453,-4.385328843671509,0.08270777988089062,2.7703333333333333,财信发展,区域地产,重庆,19970626
300842.SZ,20250723,45.26,45.48,43.95,43.95,40786.4,29.100761371917063,45.82688167699746,-4.351479238243726,0.7550026964681678,43.75633333333334,帝科股份,电气设备,江苏,20200618
300150.SZ,20250723,5.34,5.35,5.2,5.23,299674.5,30.324180300320503,47.57984492220094,-4.187148943440377,0.1483988026669456,5.053333333333333,世纪瑞尔,软件服务,北京,20101222
002517.SZ,20250723,18.46,18.71,18.34,18.54,404903.38,14.642220111799388,24.03893210722955,-4.151203879060937,0.30525167042149803,18.387,恺英网络,互联网,福建,20101207
603130.SH,20250723,32.02,32.85,31.72,32.31,34716.0,27.589958189967437,43.45778671229044,-4.145698854678571,1.3398298446066441,30.563666666666666,云中马,纺织,浙江,20221118
600128.SH,20250723,11.06,11.13,10.75,10.75,114560.01,22.43538004357374,35.713391569520404,-4.12064300831959,0.1882865172208792,10.692,苏豪弘业,商贸代理,江苏,19970901
002356.SZ,20250723,3.31,3.35,3.27,3.27,285170.7,24.24480128623629,38.40750726702423,-4.080610675339585,0.08634251568941798,3.1883333333333335,赫美集团,其他商业,深圳,20100209
603758.SH,20250723,13.55,14.0,13.31,13.81,132654.0,16.61101454695055,26.93527405349995,-4.037504466148249,0.19333742032200796,13.856666666666666,秦安股份,汽车配件,重庆,20170517
603818.SH,20250723,4.5,4.59,4.43,4.44,207263.0,13.87773794579513,22.830463833666535,-4.027713829947679,0.06500608216616133,4.7379999999999995,曲美家居,家居用品,北京,20150422
603787.SH,20250723,12.44,12.51,12.35,12.35,46882.0,32.52730451112745,50.73222225708897,-3.8825309807956074,0.08826242126187722,12.647333333333332,新日股份,摩托车,江苏,20170427
000920.SZ,20250723,11.37,11.39,11.09,11.12,137363.01,17.170386926957928,27.65616732160923,-3.801173862344683,0.2560863804611184,10.855666666666666,沃顿科技,塑料,贵州,19990616
002885.SZ,20250723,14.34,14.38,14.14,14.17,67454.4,27.667437033657198,43.391351149694295,-3.780391198416993,0.21888930931828554,13.985666666666667,京泉华,元器件,深圳,20170627
301469.SZ,20250723,27.9,27.99,27.41,27.46,11773.0,18.688695868820616,29.916573388738676,-3.7670591710155037,0.5144698005655499,26.984333333333332,恒达新材,造纸,浙江,20230822
301389.SZ,20250723,30.82,32.22,30.82,32.01,133411.97,23.502749671562587,37.12365499942868,-3.7390609841695976,2.468649029458586,27.862666666666666,隆扬电子,元器件,江苏,20221031
002227.SZ,20250723,14.56,14.7,13.65,13.68,130920.83,22.284646173254114,35.26280759498652,-3.671676670210701,0.3389391620164517,13.381666666666666,奥特迅,电气设备,深圳,20080506
300541.SZ,20250723,15.84,16.14,15.65,15.78,265045.54,29.464213705657627,45.9920488389934,-3.5914565610139135,0.3575122179105925,15.705333333333334,先进数通,软件服务,北京,20160913
300579.SZ,20250723,31.14,31.48,30.95,31.2,56412.63,13.255642607394789,21.66820859741284,-3.569489372641314,0.41861517401793336,31.660000000000004,数字认证,软件服务,北京,20161223
601330.SH,20250723,7.55,7.56,7.4,7.41,70648.0,17.769850579055657,28.43719189307829,-3.564832048989608,0.010809003325807254,7.541666666666667,绿色动力,环境保护,深圳,20180611
600066.SH,20250723,25.6,25.78,25.51,25.58,126210.97,13.154508506920411,21.465753960206023,-3.4679823996508077,0.14433626141370226,25.342666666666666,宇通客车,汽车整车,河南,19970508
603959.SH,20250723,5.4,5.41,5.25,5.27,257109.01,10.788224987308826,17.90889639890546,-3.4531178358844343,0.06968924174589919,5.731333333333334,百利科技,建筑工程,湖南,20160517
300155.SZ,20250723,5.05,5.07,4.99,5.0,96507.01,27.079661553850002,42.34432114410368,-3.4496576266573555,0.07159943704235783,4.948333333333333,安居宝,IT设备,广东,20110107
301153.SZ,20250723,25.7,26.08,25.6,25.73,51067.08,22.074734741851238,34.82847983204299,-3.4327554385322685,0.33799283550759895,25.641,中科江南,软件服务,北京,20220518
300043.SZ,20250723,4.5,4.53,4.45,4.45,416021.96,6.98519357340004,12.193473642259631,-3.4313665643191413,0.022488808671816685,4.788666666666667,星辉娱乐,互联网,广东,20100120
600148.SH,20250723,21.4,21.42,21.1,21.17,58915.0,20.421952131159163,32.32773216958854,-3.389607945699595,0.43382863351753187,20.997333333333334,长春一东,汽车配件,吉林,19980520
301439.SZ,20250723,16.69,16.7,16.18,16.25,73114.39,19.99539605518815,31.6760001006081,-3.365812035651757,0.2583685597929346,16.213,泓淋电力,电气设备,山东,20230317
300847.SZ,20250723,20.14,20.15,19.2,19.31,204630.0,24.77535807052193,38.84586914742434,-3.365664083282894,0.7170725020107511,18.580333333333332,中船汉光,化工原料,河北,20200709
603316.SH,20250723,8.67,8.74,8.57,8.59,107533.05,5.444375119131399,9.847052746445383,-3.360980135496572,0.30847816444772924,8.427666666666667,诚邦股份,建筑工程,浙江,20170619
002400.SZ,20250723,7.7,7.75,7.65,7.66,441548.68,21.21485782315261,33.47877004160202,-3.3129666137462124,0.05250670497812138,7.664,省广集团,广告包装,广东,20100506
605011.SH,20250723,23.07,23.25,22.75,22.79,53074.0,18.691745607698923,29.68678328087715,-3.2983297386575288,0.10315845519242828,22.859666666666666,杭州热电,供气供热,浙江,20210630
605058.SH,20250723,27.88,28.1,27.55,27.61,35699.0,13.86044693812153,22.343314045297305,-3.1052872762300154,0.7796068258149766,27.253666666666668,澳弘电子,元器件,江苏,20201021
300269.SZ,20250723,5.2,5.2,5.08,5.1,298864.83,7.2137675972985855,12.3609854857457,-3.0806681795956443,0.11609111749224699,5.208,联建光电,元器件,深圳,20111012
300248.SZ,20250723,14.91,15.03,14.6,14.87,165919.89,28.870718144483412,44.830654466518176,-3.0491544995861233,0.3199385055518267,14.717333333333332,新开普,软件服务,河南,20110729
002130.SZ,20250723,24.25,24.3,23.61,23.62,1052820.0,24.568620098558643,38.346280677497006,-2.9867010593180794,0.6207076576605282,23.650333333333332,沃尔核材,电气设备,深圳,20070420
601133.SH,20250723,12.51,12.59,12.29,12.31,90521.02,25.218310927772862,39.27824230304693,-2.901551822775275,0.24385935413269344,12.173333333333336,柏诚股份,建筑工程,江苏,20230410
603786.SH,20250723,54.3,54.8,54.1,54.34,7331.2,20.983361966367234,32.89248690964279,-2.8348879201838812,0.26532766771657634,54.003,科博达,汽车配件,上海,20191015
300645.SZ,20250723,18.7,18.79,18.33,18.53,86106.0,14.164403150910847,22.63421607929638,-2.775222705860216,0.4034717283026943,19.384666666666664,正元智慧,软件服务,浙江,20170421
300531.SZ,20250723,19.99,20.0,19.65,19.73,129005.73,10.359520546200907,16.8961740789557,-2.7137865193086768,0.3095718621619987,20.396333333333338,优博讯,IT设备,深圳,20160809
301636.SZ,20250723,57.3,57.32,56.07,56.09,17040.98,17.133998732642482,27.052423741433078,-2.70285128493871,0.09726796552467931,56.25866666666666,泽润新能,电气设备,江苏,20250516
300971.SZ,20250723,20.95,20.95,20.5,20.6,70159.65,13.611242646148353,21.68297761570262,-2.5322272929601795,0.16481888163481528,20.196666666666665,博亚精工,机械基件,湖北,20210415
000539.SZ,20250723,4.92,4.96,4.82,4.84,417005.86,18.076112639691257,28.374494568600305,-2.5206512181268437,0.058955499498975605,4.758,粤电力A,火力发电,广东,19931126
301006.SZ,20250723,16.3,16.45,16.05,16.09,25401.18,21.84451388348323,33.929135276830955,-2.3247289032122183,0.35906101555830894,15.662666666666668,迈拓股份,电器仪表,江苏,20210607
301378.SZ,20250723,30.61,31.12,30.18,30.45,33357.9,26.894139023164676,41.488006721229645,-2.2935963729652684,1.067092424612838,29.174666666666667,通达海,软件服务,江苏,20230320
300925.SZ,20250723,24.06,24.41,23.9,24.1,112869.74,13.57611764270829,21.494703753507657,-2.2610545788904446,0.2883541179964446,24.605999999999998,法本信息,软件服务,深圳,20201230
601229.SH,20250723,10.7,10.82,10.68,10.69,590984.72,17.633393876922614,27.57100878009882,-2.24183592942979,0.0022935384850963914,10.869333333333335,上海银行,银行,上海,20161116
600000.SH,20250723,13.2,13.49,13.2,13.33,676733.56,13.16103724756897,20.844646795112634,-2.2061818475183586,0.1323470429132083,13.474333333333334,浦发银行,银行,上海,19991110
000014.SZ,20250723,12.06,12.16,11.98,12.05,82207.44,23.8621174672749,36.75756169179502,-1.9287709817653393,0.14354233780755088,11.871333333333332,沙河股份,全国地产,深圳,19920602
002376.SZ,20250723,7.86,7.87,7.66,7.69,382922.38,36.107791866540175,55.12497475258091,-1.9265739055412894,0.12171264404624171,7.798666666666666,新北洋,IT设备,山东,20100323
002112.SZ,20250723,13.99,14.16,13.37,13.39,167413.0,24.826901616236327,38.15688047710992,-1.8330561055108632,0.2215986861737438,13.109666666666666,三变科技,电气设备,浙江,20070208
600969.SH,20250723,7.7,7.73,7.61,7.63,75340.4,24.15894997210979,37.02134731084768,-1.5658447053659899,0.09315102368795358,7.453333333333333,郴电国际,水力发电,湖南,20040408
601818.SH,20250723,4.24,4.29,4.22,4.24,1770772.28,19.766141448319896,30.411858590968567,-1.5252928369774494,0.04224477421746187,4.235666666666666,光大银行,银行,北京,20100818
000655.SZ,20250723,8.58,8.61,8.44,8.45,309528.02,26.6324400875264,40.67157873144707,-1.4458372003149407,0.42429725025130693,7.701333333333334,金岭矿业,普钢,山东,19961128
601860.SH,20250723,3.08,3.13,3.08,3.1,914379.68,20.669809530936384,31.665563632042083,-1.3216986712750156,0.03828256863784807,3.0833333333333335,紫金银行,银行,江苏,20190103
002269.SZ,20250723,1.93,1.95,1.91,1.91,851054.0,28.355283824228728,43.19029192178585,-1.3147323708855225,0.028167895595348158,1.8853333333333333,美邦服饰,服饰,上海,20080828
300213.SZ,20250723,8.61,8.65,8.49,8.5,189888.0,25.869221620457687,39.45172621111962,-1.295787560866188,0.08346688142425762,8.558333333333334,佳讯飞鸿,通信设备,北京,20110505
605303.SH,20250723,12.77,12.97,12.56,12.72,47108.0,33.48355245534516,50.86082285850581,-1.2709883509761397,0.3928426629977917,12.840000000000002,园林股份,建筑工程,浙江,20210301
600643.SH,20250723,6.29,6.33,6.16,6.17,555595.2,9.0969457066886,14.21899925171486,-1.147161383363919,0.16617050156609903,6.184666666666667,爱建集团,多元金融,上海,19930426
301386.SZ,20250723,22.97,23.09,22.63,22.64,23393.0,19.428597178979697,29.61891024405759,-0.9520289511760964,0.42024096476037087,21.99666666666667,未来电器,电气设备,江苏,20230329
603928.SH,20250723,15.5,15.54,15.37,15.37,70354.4,5.1567760870856825,8.116555365795847,-0.7627824703346455,0.42186796691678907,15.665333333333333,兴业股份,化工原料,江苏,20161212
300554.SZ,20250723,23.35,23.65,23.02,23.21,42178.6,7.76558711850174,12.017322030166504,-0.7378827048277898,0.5147716927069261,23.081666666666667,三超新材,矿物制品,江苏,20170421
300130.SZ,20250723,31.69,31.8,30.66,31.17,325879.7,13.591091431261994,20.751248099810716,-0.7292219058354519,0.75113052722266,31.858,新国都,IT设备,深圳,20101019
002839.SZ,20250723,4.58,4.65,4.58,4.59,514406.03,20.63417101359714,31.29067469257607,-0.6788363443607182,0.028904576986773733,4.647,张家港行,银行,江苏,20170124
001228.SZ,20250723,24.58,24.98,24.41,24.45,15718.0,19.872657494058792,30.122960110962687,-0.627947739748997,0.1177751183527107,24.938,永泰运,仓储物流,浙江,20220429
000720.SZ,20250723,3.84,3.84,3.76,3.77,160443.0,23.527796822496533,35.549325104394995,-0.5152597413003832,0.10943607692412094,3.5986666666666665,新能泰山,电气设备,山东,19970509
301622.SZ,20250723,82.4,83.5,81.0,82.0,28743.78,18.008944375317395,27.215603640257047,-0.40437415456191417,1.504184820932295,84.113,英思特,矿物制品,内蒙,20241204
002213.SZ,20250723,16.7,16.81,16.54,16.6,125475.87,6.724704731886553,10.273949746303465,-0.3737852969472719,0.0062678726411142804,17.706666666666667,大为股份,半导体,深圳,20080201
002055.SZ,20250723,7.42,7.44,7.18,7.18,611674.3,35.000302267747266,52.6819407463281,-0.3629746894144006,0.24337322681604778,7.1113333333333335,得润电子,元器件,深圳,20060725
601939.SH,20250723,9.4,9.57,9.4,9.5,1211918.64,17.93074723260195,26.94665189174551,-0.10106208568517161,0.0712122652317344,9.474666666666668,建设银行,银行,北京,20070925
300166.SZ,20250723,10.04,10.07,9.93,9.94,256830.4,15.444726300523563,23.216815767796067,-0.09945263402144633,0.025307513539804205,10.115333333333332,东方国信,软件服务,北京,20110125
301359.SZ,20250723,20.98,21.14,20.72,20.94,24204.8,14.916059396668093,22.370155714519683,0.007866760964915898,0.11655184703504418,20.400333333333332,东南电子,元器件,浙江,20221109
600876.SH,20250723,11.68,11.74,11.19,11.2,91530.71,18.266912817404158,27.347523054012363,0.10569234418774442,0.28107784490979526,11.008333333333333,凯盛新能,玻璃,河南,19951031
603202.SH,20250723,99.71,100.28,99.07,99.28,15011.57,32.75143985952714,49.0056756924411,0.24296819369921252,0.5713371706770403,98.93833333333333,天有为,汽车配件,黑龙江,20250424
301222.SZ,20250723,29.4,29.4,28.58,28.67,13686.0,28.520487150760875,42.56391191082171,0.4336376306392111,0.39752654581344515,28.499333333333333,浙江恒威,电气设备,浙江,20220309
300032.SZ,20250723,5.31,5.33,5.19,5.2,306119.0,27.209089926326794,40.56613935972106,0.4949910595382505,0.0602587790432203,5.2299999999999995,金龙机电,元器件,浙江,20091225
002782.SZ,20250723,13.31,13.44,13.28,13.29,53108.51,36.269715330349186,54.132501588922096,0.544142813203365,0.25187267482153786,12.866666666666667,可立克,元器件,深圳,20151222
002423.SZ,20250723,12.78,12.94,12.58,12.61,473739.02,27.639463530073602,41.168653315365816,0.5810839594891775,0.22155408299059864,12.289666666666667,中粮资本,多元金融,河南,20100603
600446.SH,20250723,18.69,19.16,18.53,18.82,492643.75,25.314230460905275,37.64059161930393,0.6615081441079553,0.5381270357770376,18.162333333333333,金证股份,软件服务,深圳,20031224
301315.SZ,20250723,52.22,53.48,52.1,52.63,22124.83,12.145328214317123,17.87242255651392,0.6911395299235252,0.7112329790336176,52.38066666666667,威士顿,软件服务,上海,20230621
300468.SZ,20250723,40.62,41.36,39.39,40.74,634138.38,13.116886453870723,19.276503635076192,0.7976520914597884,1.7809963617191116,42.19166666666667,四方精创,软件服务,深圳,20150527
300359.SZ,20250723,6.13,6.17,6.07,6.09,117768.0,22.883835540397026,33.91090526958987,0.8296960820113384,0.10305678412714236,5.9943333333333335,全通教育,文教休闲,广东,20140121
301586.SZ,20250723,57.87,57.9,56.09,56.61,27756.18,24.467382598455906,36.27853711577207,0.8450735638235756,1.734400613166514,55.70433333333333,佳力奇,航空,安徽,20240828
300606.SZ,20250723,19.82,19.82,19.23,19.26,44772.5,12.82094147613472,18.757722267592996,0.9473798932181694,0.16402653622253638,19.849666666666668,金太阳,机械基件,广东,20170208
300501.SZ,20250723,16.06,16.09,15.75,15.8,61606.0,8.396650405766398,12.057699694963949,1.0745518273712946,0.12351254593430028,16.13233333333333,海顺新材,广告包装,上海,20160204
301332.SZ,20250723,10.88,11.29,10.85,10.95,69651.11,29.01095146134761,42.86663570307389,1.2995829778950423,0.1996148934994988,10.504333333333333,德尔玛,家用电器,广东,20230518
300708.SZ,20250723,12.52,12.64,12.33,12.38,233060.49,41.72391627670005,61.933503562683015,1.304741704734127,0.2938906730766444,12.027999999999999,聚灿光电,半导体,江苏,20171016
600396.SH,20250723,3.61,3.65,3.58,3.58,525666.29,27.922436943576535,41.20735911305418,1.3525926046212362,0.1360054299903033,3.3609999999999998,华电辽能,火力发电,辽宁,20010328
300081.SZ,20250723,6.87,6.94,6.83,6.87,122780.0,24.77181004336093,36.355434412511656,1.6045613050594767,0.07961953016548584,6.872,恒信东方,文教休闲,北京,20100520
001269.SZ,20250723,27.93,28.29,26.94,27.02,93058.4,21.48770602583832,31.41442380442,1.6342704686749627,0.881040077378163,25.62633333333333,欧晶科技,矿物制品,内蒙,20220930
603236.SH,20250723,80.3,81.1,79.69,80.23,68328.6,21.09382595299903,30.81286866314897,1.6557405326991557,0.844698421264809,81.81533333333333,移远通信,通信设备,上海,20190716
002268.SZ,20250723,17.58,17.66,17.42,17.45,124213.0,23.00150926557385,33.667337607965685,1.6698525807901916,0.23849971462218633,17.354333333333333,电科网安,IT设备,四川,20080811
603429.SH,20250723,9.21,9.54,9.21,9.39,128604.78,27.20386860493089,39.96456907149714,1.682467671798392,0.15385922654743567,9.586666666666666,集友股份,广告包装,安徽,20170124
002655.SZ,20250723,13.1,13.12,12.87,12.91,116763.01,26.910114795822928,39.51449751285513,1.7013493617585311,0.08627313481804855,12.877333333333334,共达电声,元器件,山东,20120217
300805.SZ,20250723,11.12,11.12,10.89,10.91,63918.0,30.190913893389247,44.421699070953025,1.7293435382616877,0.07436159994595037,10.915333333333333,电声股份,广告包装,广东,20191121
603089.SH,20250723,14.33,14.35,14.06,14.1,53321.4,34.35594756493691,50.665875573515656,1.7360915477794236,0.6335271246960357,13.118666666666666,正裕工业,汽车配件,浙江,20170126
000767.SZ,20250723,3.18,3.22,3.12,3.13,597946.0,28.621967857189492,42.05717438131097,1.751554808946537,0.061377722911791555,3.0383333333333336,晋控电力,火力发电,山西,19970609
002555.SZ,20250723,16.76,17.33,16.72,17.04,932379.58,15.37111610395072,22.1689482260865,1.7754518596791655,0.20897728087843603,16.842333333333332,三七互娱,互联网,安徽,20110302
603421.SH,20250723,6.9,6.9,6.74,6.76,67913.8,26.00082023156709,38.07256509010379,1.8573305144936967,0.09311269173374015,6.692333333333334,鼎信通讯,通信设备,山东,20161011
001227.SZ,20250723,2.56,2.6,2.55,2.57,1157899.08,24.360491771959772,35.472310846010956,2.136853623857405,0.030488623851407493,2.574,兰州银行,银行,甘肃,20220117
603773.SH,20250723,23.84,23.96,23.59,23.63,42003.44,17.065809742934128,24.50139934780602,2.1946305331903417,0.3490300946464835,23.403333333333332,沃格光电,元器件,江西,20180417
000001.SZ,20250723,12.46,12.63,12.45,12.53,1370520.0,25.080908010141208,36.507304569226115,2.2281148919714013,0.19831593684646798,12.306333333333333,平安银行,银行,深圳,19910403
603186.SH,20250723,30.3,30.94,29.85,30.37,86304.0,26.617216760807075,38.75366497201518,2.344320338390858,0.8713888959525988,29.41866666666667,华正新材,元器件,浙江,20170103
002546.SZ,20250723,5.99,6.0,5.91,5.92,257444.0,36.1794222414127,53.062544420201576,2.4131778838349476,0.17038768822676786,5.685333333333333,新联电子,电气设备,江苏,20110211
301379.SZ,20250723,26.05,26.34,25.77,26.0,66952.64,27.522576675400696,40.01312815503577,2.5414737161305396,0.1204470638112376,25.766000000000002,天山电子,元器件,广西,20221101
301533.SZ,20250723,39.61,39.98,38.12,38.22,38276.53,19.732530706643338,28.32266865897964,2.552254801970733,1.0685655370726792,37.61666666666667,威马农机,农用机械,重庆,20230818
600919.SH,20250723,11.45,11.59,11.37,11.47,1407250.63,13.666365730666186,19.194783980033105,2.609529231932349,0.008610717765826337,11.917333333333335,江苏银行,银行,江苏,20160802
301526.SZ,20250723,4.86,4.94,4.79,4.81,1063574.5,30.65209376655841,44.639991587978784,2.6762981237176575,0.31882577644247245,4.21,国际复材,玻璃,重庆,20231226
300120.SZ,20250723,8.82,8.85,8.66,8.68,153009.48,9.07219306142681,12.251811136024692,2.71295691223105,0.02241850578812432,9.039333333333332,经纬辉开,元器件,天津,20100917
300148.SZ,20250723,5.13,5.18,5.0,5.01,517317.0,34.17188540380869,49.88519982927388,2.7452565528783026,0.060467920567693234,5.014,天舟文化,出版业,湖南,20101215
300843.SZ,20250723,31.2,31.28,30.5,30.5,53012.43,36.44937944964828,53.299959331956046,2.748219685032751,0.5385693295186726,30.51,胜蓝股份,元器件,广东,20200702
300773.SZ,20250723,27.69,27.99,27.0,27.37,448934.21,11.246459983624082,15.495292677066015,2.7487945967402183,0.21051855441224276,29.02766666666667,拉卡拉,软件服务,北京,20190425
600622.SH,20250723,3.12,3.2,3.08,3.08,939932.98,26.025109422290036,37.6505984085344,2.7741314498013168,0.07693944469487102,2.9530000000000003,光大嘉宝,区域地产,上海,19921203
001296.SZ,20250723,20.88,20.88,20.15,20.17,55007.27,30.4623282535631,44.20019076237193,2.986603235945438,0.46445505305267787,20.009666666666664,长江材料,其他建材,重庆,20211224
301321.SZ,20250723,15.4,15.42,15.0,15.13,55645.1,36.011311484557254,52.51943259738806,2.99506925889564,0.2186109846283646,15.081666666666667,翰博高新,元器件,安徽,20220818
600798.SH,20250723,4.2,4.28,4.16,4.18,502652.05,8.314092216067767,10.935474700297489,3.0713272476083233,0.0020043939406111377,4.445333333333333,宁波海运,水运,浙江,19970423
600601.SH,20250723,5.34,5.35,5.21,5.29,1125037.6,24.023155154066465,34.49752700783306,3.0744114465332757,0.15674816449084616,5.19,方正科技,元器件,上海,19901219
300612.SZ,20250723,15.1,15.22,14.96,14.99,47820.5,40.290865270015786,58.89219685471113,3.0882021006250966,0.17849529210695536,14.996999999999998,宣亚国际,广告包装,北京,20170215
002212.SZ,20250723,8.1,8.21,8.04,8.05,349008.0,36.38296953594177,52.99717938317204,3.154549841481227,0.23707907452074561,7.702,天融信,软件服务,广东,20080201
300369.SZ,20250723,7.77,7.85,7.68,7.73,153036.87,39.98150981007857,58.324004113850755,3.2965212025342083,0.13720402099978468,7.593666666666667,绿盟科技,软件服务,北京,20140129
300133.SZ,20250723,7.64,7.68,7.52,7.55,535249.06,31.16981868222022,45.095701156645816,3.3180537333690268,0.12138756596147182,7.4879999999999995,华策影视,影视音像,浙江,20101026
601998.SH,20250723,8.43,8.53,8.38,8.44,567342.16,16.00581352687268,22.298678645236663,3.42008329014471,0.03831394405672839,8.588,中信银行,银行,北京,20070427
603687.SH,20250723,7.64,7.69,7.53,7.55,100539.0,35.77084430206416,51.89932588017462,3.513881145843243,0.08966814710296411,7.463333333333334,大胜达,广告包装,浙江,20190726
300448.SZ,20250723,6.68,6.7,6.6,6.61,145158.79,33.96150911804755,49.163254856231994,3.55801764167866,0.05015996533178768,6.648666666666667,浩云科技,软件服务,广东,20150424
300478.SZ,20250723,14.24,14.25,14.05,14.09,38028.5,13.179030391811837,17.98578662049846,3.5655179344385957,0.15903217595413466,14.120666666666667,杭州高新,塑料,浙江,20150610
300327.SZ,20250723,23.86,24.13,23.72,23.77,56512.48,25.36054988509258,36.210483504302076,3.6606826466735924,0.23178510655957751,23.937333333333335,中颖电子,半导体,上海,20120613
300917.SZ,20250723,44.59,46.68,44.57,45.77,123380.65,21.929576144533065,31.055286669550675,3.6781550944978534,0.7116110212629678,43.05366666666667,特发服务,房产服务,深圳,20201221
600638.SH,20250723,6.15,6.23,6.08,6.1,157801.8,30.157347639480676,43.37788210824949,3.716278701943054,0.1294864156965767,5.935666666666666,新黄浦,区域地产,上海,19930326
300810.SZ,20250723,43.49,43.92,42.43,42.64,61055.88,13.277343385891744,18.018235788171808,3.795558581331619,1.7362532505438821,41.404333333333334,中科海讯,船舶,北京,20191206
002967.SZ,20250723,18.0,18.04,17.23,17.3,135549.64,24.030996715769646,34.12639763055938,3.840194886190176,0.1770854032718212,17.357000000000003,广电计量,电器仪表,广东,20191108
300991.SZ,20250723,30.23,30.54,29.54,29.93,67317.6,16.41447847926868,22.594939579410987,4.053556278984068,1.3760743909871174,27.712333333333333,创益通,元器件,深圳,20210520
000541.SZ,20250723,6.7,6.72,6.55,6.55,348406.01,22.96178558561608,32.40130585233349,4.082745052181252,0.08870884187326222,6.465000000000001,佛山照明,家用电器,广东,19931123
002786.SZ,20250723,9.54,9.58,9.4,9.43,115451.88,17.145535958840263,23.667014877806185,4.102578120908419,0.10958602771099635,9.427333333333333,银宝山新,专用机械,深圳,20151223
603976.SH,20250723,19.8,19.8,19.45,19.47,16480.92,24.436367114659852,34.58700502333582,4.135091297307923,0.4899338073931716,18.756999999999998,正川股份,医疗保健,重庆,20170822
300479.SZ,20250723,21.21,21.22,20.86,20.89,55677.14,30.115536552156893,43.094793513557825,4.157022629355026,0.0924424306844216,21.43433333333333,神思电子,软件服务,山东,20150612
301025.SZ,20250723,10.91,11.02,10.69,10.72,84665.27,29.84843221247009,42.60235713192813,4.340582373554014,0.11141377864367819,10.868666666666666,读客文化,出版业,上海,20210719
300985.SZ,20250723,18.37,18.4,18.04,18.12,27713.0,26.259970490086964,37.09441194369623,4.591087582868425,0.3192975178116626,17.810999999999996,致远新能,汽车配件,吉林,20210429
000819.SZ,20250723,17.07,17.07,16.65,16.7,77573.86,42.67903637311339,61.71639732130312,4.604314476733947,0.6209172470980349,16.182333333333336,岳阳兴长,石油加工,湖南,19970625
301318.SZ,20250723,32.98,33.41,32.72,32.95,21490.17,27.72343668644762,39.24591035349119,4.678489352360472,0.3766364137518039,32.74833333333333,维海德,IT设备,深圳,20220810
002217.SZ,20250723,2.51,2.52,2.47,2.49,946808.09,22.860067908821154,31.922926149304647,4.734351427854172,0.05496777454022128,2.4519999999999995,合力泰,元器件,福建,20080220
002487.SZ,20250723,32.35,32.48,31.53,31.79,124961.4,16.751464619100275,22.694012614711294,4.866368627878238,0.48883375146965236,31.889666666666663,大金重工,电气设备,辽宁,20101015
300494.SZ,20250723,14.0,14.1,13.9,13.96,227722.2,30.278387132556723,42.975481809683316,4.88419777830353,0.3338465239955575,13.690333333333333,盛天网络,互联网,湖北,20151231
603661.SH,20250723,29.07,29.5,28.92,29.01,9711.0,19.8888602218491,27.38030954678315,4.905961571981003,0.2557132283707837,28.925666666666665,恒林股份,家居用品,浙江,20171121
300852.SZ,20250723,31.2,31.22,30.58,30.9,27558.8,27.714485867728552,39.001619771193646,5.140218060798361,0.19520970423717543,31.517,四会富仕,元器件,广东,20200713
601187.SH,20250723,7.36,7.53,7.35,7.39,351812.21,44.10636403588086,63.53315509455919,5.252781918524192,0.26235653146641624,7.066666666666666,厦门银行,银行,福建,20201027
601988.SH,20250723,5.56,5.68,5.56,5.63,3820410.39,20.338613060705054,27.87956394484842,5.256711292418316,0.016048371316180976,5.6226666666666665,中国银行,银行,北京,20060705
300788.SZ,20250723,31.73,32.17,31.53,31.56,22158.0,33.182237231955526,47.14170474298788,5.26330220989081,0.26347177843707215,31.414333333333335,中信出版,出版业,北京,20190705
000530.SZ,20250723,6.45,6.66,6.41,6.51,712524.45,16.144350620588654,21.582176645495704,5.2686985707745535,0.16223732643239952,6.289,冰山冷热,机械基件,辽宁,19931208
603103.SH,20250723,17.0,17.22,16.77,16.84,89241.65,41.25024104343686,59.22010328205543,5.310516566199709,0.33063832130690685,16.511666666666667,横店影视,影视音像,浙江,20171012
600880.SH,20250723,5.41,5.5,5.36,5.42,635764.99,18.271779062079826,24.726540033376082,5.36225711948731,0.10064898754626128,5.279,博瑞传播,广告包装,四川,19951115
300251.SZ,20250723,19.24,19.44,19.14,19.16,447639.35,26.465130099649045,36.99584324879687,5.403703801353402,0.06922552483324651,19.523666666666667,光线传媒,影视音像,北京,20110803
301262.SZ,20250723,26.01,26.19,25.66,25.76,20716.0,29.599746049266145,41.68173254506363,5.43577305767117,0.43784444204296946,25.517,海看股份,影视音像,山东,20230620
603124.SH,20250723,49.56,50.23,49.02,50.2,24410.08,17.56964196423021,23.586620212454022,5.535685467782585,0.9101064206644622,50.63,江南新材,铜,江西,20250320
002309.SZ,20250723,3.33,3.35,3.24,3.24,277635.0,14.153529883021527,18.458481638235313,5.543626372593955,0.0356692543319479,3.4019999999999997,中利集团,电气设备,江苏,20091127
300164.SZ,20250723,5.45,5.49,5.36,5.36,499684.0,14.376385533829813,18.776203721474438,5.576749158540565,0.03337632149983527,5.776,通源石油,石油开采,陕西,20110113
301030.SZ,20250723,19.18,19.18,18.81,18.82,72123.6,30.801260831851636,43.39082731600845,5.622127863538012,0.489088523703483,17.769999999999996,仕净科技,环境保护,江苏,20210722
605123.SH,20250723,77.97,78.2,75.23,75.62,22560.67,24.883191386168054,34.46334007009102,5.722894018322123,2.792806015461366,73.69033333333333,派克新材,航空,江苏,20200825
002316.SZ,20250723,5.04,5.12,5.01,5.08,56736.0,20.392688352563766,27.64741210689195,5.8832408439074015,0.11441665856810879,5.067666666666667,亚联发展,软件服务,吉林,20091209
000823.SZ,20250723,12.35,12.45,12.14,12.18,221751.27,31.73081585847474,44.63819716786845,5.916053239687329,0.40750795231372017,11.702333333333334,超声电子,元器件,广东,19971008
000534.SZ,20250723,14.3,14.36,14.12,14.12,69164.0,26.703945025831253,37.09747217011047,5.916890737272823,0.05220621947977122,14.168333333333333,万泽股份,生物制药,广东,19940110
300533.SZ,20250723,36.05,37.3,35.91,36.58,183098.69,32.27583380366535,45.42540889332951,5.976683624337028,2.1993898746341927,33.192,冰川网络,互联网,深圳,20160818
600821.SH,20250723,5.69,5.72,5.61,5.62,300249.65,33.217804837787206,46.8129514399683,6.027511633425007,0.057305095171126474,5.517,金开新能,新型电力,天津,19940128
603212.SH,20250723,11.76,11.85,11.4,11.46,206487.8,13.543671233426448,17.29158631993942,6.047841060400501,0.23219340500648045,11.566333333333334,赛伍技术,塑料,江苏,20200430
002966.SZ,20250723,8.82,8.91,8.8,8.81,305230.71,19.352165483368378,25.99366230260188,6.069171844901369,0.043669385766802904,8.941666666666666,苏州银行,银行,江苏,20190802
300084.SZ,20250723,8.71,8.71,8.34,8.36,235388.11,29.7070706185922,41.50551356459846,6.110184726579689,0.13579889459783345,8.522666666666668,海默科技,专用机械,甘肃,20100520
300608.SZ,20250723,11.85,11.93,11.69,11.79,69059.56,39.92302478282382,56.782626409069834,6.203821530331794,0.1950224536944969,11.560333333333334,思特奇,软件服务,北京,20170213
000011.SZ,20250723,8.77,8.84,8.66,8.69,50531.51,33.301245080994974,46.76814681975227,6.367441603480387,0.06963077976359067,8.584333333333332,深物业A,房产服务,深圳,19920330
002913.SZ,20250723,34.1,34.57,34.0,34.06,38958.38,35.15605156138827,49.46189307585192,6.544368532460965,1.7032114490726897,31.448,奥士康,元器件,湖南,20171201
300105.SZ,20250723,7.72,7.77,7.62,7.65,150525.0,18.274519472382487,24.11078559093367,6.60198723528012,0.06393161919994572,7.643,龙源技术,环境保护,山东,20100820
300632.SZ,20250723,12.69,12.76,12.53,12.63,62584.28,25.882305658385974,35.40386063252451,6.839195710108896,0.05684345963105386,12.976333333333335,光莆股份,半导体,福建,20170406
002152.SZ,20250723,13.65,13.76,13.54,13.59,417751.74,31.690342654086184,44.1035811970085,6.86386556824155,0.2581274192682379,13.322666666666667,广电运通,IT设备,广东,20070813
300245.SZ,20250723,18.01,18.39,17.93,18.19,126546.92,18.870567828679373,24.867558896411087,6.876585693215951,0.048518385703481215,18.746333333333336,天玑科技,软件服务,上海,20110719
300182.SZ,20250723,5.56,5.61,5.52,5.52,675060.0,37.38476824259223,52.6264474283256,6.9014098711254945,0.06406224925888537,5.4593333333333325,捷成股份,影视音像,北京,20110222
300410.SZ,20250723,7.73,7.77,7.44,7.46,301805.8,27.921718237211138,38.36578481896613,7.033585073701161,0.2752017982618904,7.2943333333333324,正业科技,专用机械,广东,20141231
002958.SZ,20250723,3.61,3.66,3.61,3.62,766539.5,22.848248217026715,30.729001010874452,7.086742629331248,0.018009962857832296,3.7023333333333333,青农商行,银行,山东,20190326
600816.SH,20250723,2.95,3.01,2.94,2.95,908429.6,26.490662551577646,36.15703266824409,7.157922318244758,0.050783164688327,2.8733333333333335,建元信托,多元金融,上海,19940128
300610.SZ,20250723,12.27,12.39,12.04,12.08,96444.2,26.838315989832456,36.63343858226574,7.2480708049658915,0.275662376210132,11.614666666666666,晨化股份,化工原料,江苏,20170213
300670.SZ,20250723,7.38,7.6,7.17,7.24,194341.91,17.273943364814635,22.217130778774795,7.387568536894314,0.21393416332041237,7.009333333333333,大烨智能,电气设备,江苏,20170703
000070.SZ,20250723,7.66,7.68,7.47,7.47,251078.96,20.712491585059563,27.365495025336102,7.406484704506482,0.11652562735524885,7.560666666666666,特发信息,通信设备,深圳,20000511
002936.SZ,20250723,2.15,2.2,2.14,2.16,2169988.35,28.338398207846218,38.77658894870666,7.462016726125341,0.032357104479352916,2.118,郑州银行,银行,河南,20180919
002416.SZ,20250723,12.09,12.18,12.02,12.04,179093.17,22.90818016268875,30.61173297862401,7.5010745308182365,0.12977870864199126,11.917,爱施德,电器连锁,深圳,20100528
603676.SH,20250723,12.65,12.72,12.43,12.48,106606.0,25.62069363812885,34.66473419362167,7.532612527143215,0.45609164877093455,11.573666666666666,卫信康,化学制药,西藏,20170721
301319.SZ,20250723,28.45,28.57,28.14,28.25,37942.04,12.17878274809155,14.47367465099392,7.5889989422868105,0.06879504010388615,28.00733333333333,唯特偶,元器件,深圳,20220929
600353.SH,20250723,14.12,14.19,13.48,13.58,597465.54,35.92308412922601,50.074746291772165,7.619759804133707,0.5778213394107627,13.359666666666666,旭光电子,元器件,四川,20021120
603999.SH,20250723,6.7,6.71,6.56,6.57,110736.0,39.38964906276126,55.273720438376735,7.621506311530297,0.07808640502881126,6.549,读者传媒,出版业,甘肃,20151210
002490.SZ,20250723,5.49,5.55,5.46,5.47,263201.0,11.8895974977959,14.002910807035875,7.6629708793159494,0.0609097278313806,5.720666666666667,山东墨龙,化工机械,山东,20101021
600570.SH,20250723,32.63,33.5,32.5,33.05,629003.08,28.42535209443841,38.80301103388164,7.670034215551951,1.032946691332313,31.598333333333336,恒生电子,软件服务,浙江,20031216
301558.SZ,20250723,9.15,9.2,9.05,9.08,125826.38,40.41781296357091,56.711185440528794,7.831068009655141,0.08428034064759693,9.021333333333333,三态股份,互联网,深圳,20230928
603508.SH,20250723,28.26,28.55,28.16,28.25,43170.59,41.91924888317562,58.95395553616115,7.8498355772045585,0.5658936139513209,27.278,思维列控,IT设备,河南,20151224
600926.SH,20250723,16.55,16.75,16.51,16.6,525611.71,26.97196755859267,36.520443297833296,7.875016080111422,0.04824536785915967,17.00133333333333,杭州银行,银行,浙江,20161027
300731.SZ,20250723,28.43,28.65,28.04,28.08,29948.0,21.27535168714819,27.972042031921074,7.88197099760243,0.36794770049340997,28.226333333333333,科创新源,橡胶,深圳,20171208
301295.SZ,20250723,25.15,25.34,24.76,24.88,27197.02,17.85495406180251,22.81794191199278,7.928978361421969,0.4569605097947047,24.205333333333336,美硕科技,电气设备,浙江,20230628
002329.SZ,20250723,3.9,3.93,3.83,3.84,643045.72,37.073247872736914,51.61015120544914,7.999441207312458,0.13256446848126613,3.6713333333333336,皇氏集团,乳制品,广西,20100106
300663.SZ,20250723,19.4,19.8,19.21,19.55,227539.44,25.420271444035812,34.09479701038987,8.071220311327693,0.43112247838869777,19.279999999999998,科蓝软件,软件服务,北京,20170608
600152.SH,20250723,6.7,6.7,6.55,6.57,292180.01,18.544900470834765,23.709433324105824,8.215834764292651,0.09187618714691936,6.617666666666667,维科技术,电气设备,浙江,19980609
002659.SZ,20250723,5.3,5.33,5.2,5.22,235602.01,42.828527484044486,60.13049873525013,8.2245849816332,0.10778014745738762,5.085999999999999,凯文教育,文教休闲,北京,20120309
300393.SZ,20250723,6.34,6.4,6.23,6.25,239882.98,31.942697212475895,43.793625856980185,8.24083992346732,0.21116780965298076,5.825666666666666,中来股份,塑料,江苏,20140912
601328.SH,20250723,7.92,8.04,7.89,7.96,1498009.55,17.193931124782008,21.6289676821695,8.323858010007022,0.02812559077498733,8.012,交通银行,银行,上海,20070515
003026.SZ,20250723,34.84,35.17,34.7,34.7,31589.9,25.15141570841503,33.56184852949645,8.330550066252187,0.5496354825976439,34.69466666666667,中晶科技,半导体,浙江,20201218
600908.SH,20250723,6.19,6.28,6.19,6.21,206775.93,20.123614988391633,26.00990014272821,8.351044679718477,0.004829983796987847,6.356999999999999,无锡银行,银行,江苏,20160923
000987.SZ,20250723,7.5,7.65,7.47,7.52,719746.06,33.9892485339386,46.73920097111828,8.489343659579248,0.24369038201630744,7.011333333333334,越秀资本,多元金融,广东,20000718
300274.SZ,20250723,74.47,74.68,72.82,73.11,348097.23,39.33139226458435,54.69028100756465,8.613614778623756,2.5004811260927085,68.64433333333334,阳光电源,电气设备,安徽,20111102
300300.SZ,20250723,4.86,4.86,4.74,4.75,131685.42,15.986113131863704,19.655465846944594,8.647407701701923,0.12870836900205695,4.795,海峡创新,软件服务,福建,20120319
600666.SH,20250723,3.33,3.46,3.27,3.27,1841961.23,27.419646486763007,36.804921172904784,8.649097114479446,0.1234572984954192,3.118333333333333,奥瑞德,元器件,黑龙江,19930712
600962.SH,20250723,19.81,20.04,19.46,19.72,94167.1,45.417649736205256,63.79327692655774,8.666395355500299,1.6501735344782809,16.492,国投中鲁,软饮料,北京,20040622
301022.SZ,20250723,32.02,32.19,31.58,31.65,28198.71,14.04854962844617,16.725682942939475,8.69428299945956,0.2859679696750561,32.24633333333333,海泰科,专用机械,山东,20210702
002374.SZ,20250723,2.9,2.92,2.83,2.83,227894.0,23.2140414866818,30.472602577900247,8.696919304244915,0.014097068342886043,2.8920000000000003,中锐股份,广告包装,山东,20100318
601838.SH,20250723,19.66,19.91,19.53,19.77,313650.28,25.44510002496236,33.74680452359046,8.841691027706162,0.07810857361570456,20.129666666666665,成都银行,银行,四川,20180131
301349.SZ,20250723,36.6,37.11,36.18,36.4,24657.2,18.730273678235033,23.668866383344213,8.85308826801667,0.4541229040945751,36.18233333333333,信德新材,化工原料,辽宁,20220909
301299.SZ,20250723,64.26,65.98,64.26,64.62,26973.37,31.120177405583217,42.201731470632964,8.957069275483718,1.2007175080518806,62.88566666666667,卓创资讯,互联网,山东,20221019
002228.SZ,20250723,3.68,3.7,3.63,3.63,140948.0,20.307435527534054,25.980095921423597,8.962114739754966,0.05349333917306831,3.5549999999999997,合兴包装,广告包装,福建,20080508
600684.SH,20250723,4.2,4.24,4.15,4.15,171047.44,18.477260119749445,23.23271196585009,8.966356427548156,0.0687307294515831,4.1306666666666665,珠江股份,区域地产,广东,19931028
600704.SH,20250723,5.69,5.74,5.66,5.68,643399.11,27.18239298899632,36.27834227146448,8.990494424059989,0.11099150003240954,5.479,物产中大,仓储物流,浙江,19960606
603155.SH,20250723,16.0,16.02,15.58,15.61,68447.86,18.16454132519447,22.681666032799498,9.130291909984415,0.18581013604941177,16.03066666666667,新亚强,化工原料,江苏,20200901
002807.SZ,20250723,4.8,4.88,4.79,4.82,241312.6,26.56978982312407,35.28413893988372,9.14109158960477,0.03356013106188627,4.864,江阴银行,银行,江苏,20160902
603256.SH,20250723,21.46,21.53,20.7,20.77,230316.0,36.38726283219047,50.00646502726844,9.148858442034538,2.2310968438952408,16.915666666666667,宏和科技,玻璃,上海,20190719
002019.SZ,20250723,14.14,14.45,14.0,14.09,249263.13,37.17984190978679,51.18484134467137,9.169843040017625,0.3006127600394226,13.889999999999999,亿帆医药,化学制药,浙江,20040713
002658.SZ,20250723,8.08,8.09,8.0,8.0,135742.0,12.474359071405097,14.106763470725395,9.2095502727645,0.1434226169277899,7.916333333333333,雪迪龙,环境保护,北京,20120309
300399.SZ,20250723,31.53,33.33,31.4,32.08,266771.34,14.500192541139958,17.04214453333253,9.416288556754814,0.9276642593607498,31.241666666666667,天利科技,互联网,江西,20141009
300858.SZ,20250723,17.2,17.77,17.03,17.2,107265.03,20.146865870520386,25.49342502279592,9.453747565969323,0.3220362703234976,16.619333333333334,科拓生物,食品,北京,20200727
300322.SZ,20250723,15.46,15.61,15.26,15.33,213734.74,34.97056398475435,47.68688866114967,9.537914631963702,0.27821161020311,15.045666666666667,硕贝德,元器件,广东,20120608
000911.SZ,20250723,7.76,7.81,7.6,7.63,171029.72,40.88168778379939,56.54209521494215,9.560872921513877,0.08646277610750897,7.432,广农糖业,食品,广西,19990527
600390.SH,20250723,6.24,6.35,6.18,6.2,1042259.94,34.94737347294377,47.62975614078681,9.58260813725768,0.20148804045491175,5.86,五矿资本,多元金融,湖南,20010115
300989.SZ,20250723,17.38,17.42,16.95,17.0,54183.5,27.590713705684948,36.56249127131637,9.647158574422107,0.19624377039419372,16.837666666666667,蕾奥规划,建筑工程,深圳,20210507
601022.SH,20250723,10.01,10.17,9.93,9.96,258731.46,36.836695349206224,50.412914616550424,9.684256814517823,0.09249160426200476,10.018,宁波远洋,水运,浙江,20221208
603137.SH,20250723,14.98,15.15,14.78,14.85,27552.16,50.68248708535369,71.15912064563494,9.729219964791184,0.34875501483495697,14.459666666666665,恒尚节能,装修装饰,江苏,20230419
301331.SZ,20250723,35.33,35.59,34.51,34.75,27547.88,41.60255625006543,57.49639920940673,9.814870331382835,1.6225774761238014,32.937,恩威医药,中成药,西藏,20220921
300959.SZ,20250723,42.83,43.14,42.41,42.45,12911.0,28.450851764543792,37.74832451213659,9.8559062693582,0.18756118285447343,43.67966666666667,线上线下,电信运营,江苏,20210322
300901.SZ,20250723,16.67,16.75,16.43,16.52,27971.0,32.01119481860894,43.04518986848094,9.943204718864948,0.44375004072392343,16.033666666666665,中胤时尚,服饰,浙江,20201029
601279.SH,20250723,4.14,4.21,4.09,4.11,445052.0,35.29902860764836,47.937873298461156,10.021339226022775,0.11716594907478584,4.020666666666666,英利汽车,汽车配件,吉林,20210415
300475.SZ,20250723,32.98,33.66,32.7,33.31,110938.15,20.02810493678291,24.93629218605023,10.211730438248267,0.019045986258817038,34.63866666666666,香农芯创,元器件,安徽,20150610
300101.SZ,20250723,21.42,21.76,21.38,21.47,87394.27,25.860655269497382,33.67786631248252,10.2262331835271,0.46409080266287006,21.522333333333332,振芯科技,通信设备,四川,20100806
300241.SZ,20250723,5.69,5.7,5.62,5.66,145139.96,43.888593232226604,60.71424093216314,10.23729783235352,0.07686765470435741,5.620333333333334,瑞丰光电,半导体,深圳,20110712
300801.SZ,20250723,22.73,22.96,22.39,22.53,70123.4,17.22856952894166,20.69707688281506,10.29155482119485,0.7081190662150938,22.50733333333333,泰和科技,化工原料,山东,20191128
300001.SZ,20250723,23.8,24.16,23.4,23.44,186066.55,26.646492841419,34.8080588436098,10.323360837037399,0.1374678940100793,23.34733333333333,特锐德,电气设备,山东,20091030
603138.SH,20250723,14.85,15.06,14.76,14.89,35710.0,36.91753908451706,50.20895811587209,10.334701021806993,0.3168244018688693,14.45,海量数据,软件服务,北京,20170306
000705.SZ,20250723,9.45,9.52,9.28,9.29,385507.0,45.666608914040474,63.29934079039579,10.40114516132985,0.35739162140508185,8.761333333333335,浙江震元,医药商业,浙江,19970410
301292.SZ,20250723,19.84,19.96,19.54,19.58,56499.03,16.21277697185563,19.089774869031775,10.458781177503333,0.32729969007393933,20.250333333333334,海科新源,化工原料,山东,20230707
002657.SZ,20250723,28.17,30.35,27.82,29.75,727863.55,31.94418265919885,42.63434770223729,10.563852573121977,1.3772090838846829,27.741,中科金财,软件服务,北京,20120228
600675.SH,20250723,3.03,3.07,3.01,3.02,333318.0,30.643573108382647,40.67356371010735,10.583591904933243,0.03468198184544624,2.9613333333333336,中华企业,区域地产,上海,19930924
300504.SZ,20250723,15.47,15.55,15.25,15.33,33574.5,39.68081738004469,54.15437697627733,10.733698187579407,0.15741149351372563,15.357,天邑股份,通信设备,四川,20180330
600255.SH,20250723,3.41,3.45,3.38,3.38,787407.52,30.53998740691548,40.38752721332794,10.844907794090545,0.036832378963010726,3.3299999999999996,鑫科材料,小金属,安徽,20001122
603800.SH,20250723,26.9,27.1,25.4,26.01,58164.41,30.21059147233775,39.861240451779295,10.909293513454656,0.6152768041378494,25.37,洪田股份,专用机械,江苏,20151210
603990.SH,20250723,16.5,16.57,16.16,16.17,155075.53,41.32085275586144,56.49252250879319,10.977513249997926,0.22677012969661092,16.261333333333333,麦迪科技,软件服务,江苏,20161208
603936.SH,20250723,9.65,9.74,9.56,9.61,324590.83,26.27528076637259,33.916047045275604,10.993748208566558,0.3347625115471313,9.373333333333333,博敏电子,元器件,广东,20151209
002767.SZ,20250723,17.89,17.93,17.59,17.61,35391.5,33.90679287361659,45.35485511856655,11.010668383716677,0.23532201786896323,17.48,先锋电子,电器仪表,浙江,20150612
600505.SH,20250723,15.5,15.59,15.15,15.17,182085.45,30.368011597511803,40.02584712371389,11.052340545107626,0.13048407472192558,14.992999999999999,西昌电力,水力发电,四川,20020530
002615.SZ,20250723,8.38,8.4,8.3,8.3,122500.55,22.352194354281217,27.975286471748962,11.106010119345733,0.04459077072814566,8.558333333333334,哈尔斯,家居用品,浙江,20110909
002098.SZ,20250723,9.99,9.99,9.72,9.72,140621.02,37.126845782759744,50.130914617601135,11.118708113076963,0.2588353590379793,9.245333333333333,浔兴股份,服饰,福建,20061222
301516.SZ,20250723,17.9,17.95,17.3,17.36,69655.81,25.452864497479425,32.59253591647322,11.17352165949184,0.45626096694342166,16.715333333333334,中远通,电气设备,深圳,20231208
001230.SZ,20250723,21.54,21.62,21.32,21.51,23425.07,34.56647713926953,46.25820203113305,11.183027355542492,0.3117460124366005,21.142333333333333,劲旅环境,环境保护,安徽,20220715
002947.SZ,20250723,34.36,34.54,33.91,34.23,51774.1,28.51809299047981,37.14643567156403,11.261407628311375,0.1891144395804929,34.539,恒铭达,元器件,江苏,20190201
002983.SZ,20250723,20.49,20.57,20.2,20.32,19217.99,29.858582959772413,39.138495818090504,11.298757243136237,0.09227906111787831,20.69066666666667,芯瑞达,元器件,安徽,20200428
300380.SZ,20250723,48.27,49.88,48.17,48.74,112264.67,22.542121509644943,28.136230853264603,11.353902822405622,0.5407601251736267,47.501333333333335,安硕信息,软件服务,上海,20140128
600192.SH,20250723,9.93,9.94,9.56,9.56,355133.01,19.163196693639897,23.05489881094328,11.379792459033133,0.4337342640821067,9.007333333333332,长城电工,电气设备,甘肃,19981224
000670.SZ,20250723,7.63,7.64,7.41,7.42,508454.8,26.179917248724625,33.557684179742665,11.424383386688547,0.14855339167828419,7.254666666666667,盈方微,元器件,湖北,19961217
603081.SH,20250723,12.38,12.54,12.2,12.22,227875.08,41.396225594957755,56.346972877560376,11.494731029752515,0.5118232151743047,11.363666666666665,大丰实业,专用机械,浙江,20170420
300887.SZ,20250723,8.53,8.55,8.26,8.26,169331.89,20.60651990271488,25.028235283713155,11.763089140718328,0.1276203733143717,8.366999999999999,谱尼测试,电器仪表,北京,20200916
300318.SZ,20250723,6.18,6.24,6.14,6.16,94865.98,36.562749643137956,48.91643561124581,11.855377706922255,0.07608053444393459,6.043333333333334,博晖创新,医疗保健,北京,20120523
000020.SZ,20250723,13.24,13.24,13.07,13.1,25397.0,22.371186373923855,27.585516133593977,11.942526854583619,0.03284020532912635,13.555333333333333,深华发A,元器件,深圳,19920428
002036.SZ,20250723,10.71,10.81,10.63,10.66,264799.25,32.78333288646314,43.14286961918351,12.064259421022413,0.11901222084985719,10.498,联创电子,元器件,江西,20040903
603535.SH,20250723,11.57,11.75,11.45,11.45,69708.68,41.807761258983206,56.59335510546444,12.236573566020738,0.31903604383933803,11.065,嘉诚国际,仓储物流,广东,20170808
300872.SZ,20250723,24.82,24.86,23.0,23.28,708663.38,32.44767072152172,42.52187682186732,12.299258520830506,1.0660036946801483,23.054666666666666,天阳科技,软件服务,西藏,20200824
300471.SZ,20250723,11.41,11.5,11.16,11.17,186801.49,34.92450299106826,46.21848337036975,12.336542232465263,0.37185009811226344,10.729333333333333,厚普股份,专用机械,四川,20150611
601718.SH,20250723,3.92,4.04,3.83,3.85,1883483.84,24.56610053241294,30.638021312040998,12.422258973156815,0.2088737146357107,3.585666666666667,际华集团,服饰,北京,20100816
600928.SH,20250723,3.96,4.02,3.94,3.99,284310.38,28.543239384313708,36.5656545796574,12.498408993626327,0.03105371502575771,4.022,西安银行,银行,陕西,20190301
002893.SZ,20250723,11.28,11.28,11.0,11.03,51915.34,26.070284889144325,32.83438063626246,12.542093394908065,0.12830313001582994,10.783333333333333,京能热力,供气供热,北京,20170915
300711.SZ,20250723,21.86,21.88,21.53,21.56,34651.2,26.141377203119895,32.92476435502167,12.574602899316332,0.09179394856587564,21.715999999999998,广哈通信,通信设备,广东,20171101
300480.SZ,20250723,15.21,15.45,15.07,15.12,81741.79,29.848412481831936,38.357831359367104,12.829574726761606,0.3021243089273291,14.929666666666666,光力科技,专用机械,河南,20150702
002676.SZ,20250723,7.75,7.84,7.67,7.69,164745.6,38.49203919932205,51.26659597807784,12.942925641810476,0.34661438473334716,7.1193333333333335,顺威股份,家用电器,广东,20120525
603014.SH,20250723,37.48,37.67,37.13,37.18,24773.86,32.961773646183275,42.92748626223784,13.03034841407414,0.052827994202495177,36.95666666666667,威高血净,医疗保健,山东,20250519
603615.SH,20250723,23.96,24.0,23.08,23.3,55014.64,29.069379564529527,37.04701572651903,13.114107240550524,0.5488402963529602,23.011666666666667,茶花股份,家居用品,福建,20170213
300237.SZ,20250723,2.11,2.23,2.08,2.15,1403559.67,21.821193180851903,26.16884608505074,13.12588737245423,0.037604831262072924,2.1383333333333336,美晨科技,汽车配件,山东,20110629
601778.SH,20250723,3.28,3.28,3.21,3.23,574623.6,47.58664242025732,64.73810416525149,13.283718930269004,0.13456568256595203,2.999,晶科科技,新型电力,江西,20200519
300512.SZ,20250723,8.79,8.94,8.7,8.75,96120.5,34.344397178951155,44.86738883768096,13.29841386149154,0.21984938868919457,8.487333333333334,中亚股份,专用机械,浙江,20160526
002769.SZ,20250723,8.58,8.62,8.48,8.49,95342.48,36.27599188649202,47.754721625477366,13.318532408521335,0.014819827659470874,8.851666666666665,普路通,仓储物流,深圳,20150629
000626.SZ,20250723,7.25,7.29,7.1,7.16,205677.0,45.42913026307806,61.47407711179294,13.339236565648292,0.23909228256084436,6.841666666666667,远大控股,商贸代理,江苏,19961128
600379.SH,20250723,13.44,13.44,12.72,12.72,115538.8,33.925674954775886,44.165547133788394,13.44593059675087,0.5334464669893784,11.938333333333333,宝光股份,电气设备,陕西,20020116
605365.SH,20250723,14.85,15.01,14.75,14.79,31484.25,37.08165338222736,48.86020235242029,13.5245554418415,0.08069436464546165,14.829666666666666,立达信,家用电器,福建,20210720
301502.SZ,20250723,42.89,42.99,42.16,42.32,9426.0,42.493720715229784,56.97037904118663,13.540404063316089,0.9113238863572519,40.978,华阳智能,电气设备,江苏,20240202
301169.SZ,20250723,42.54,42.9,41.81,41.98,15949.0,33.943082818105246,44.09817481668481,13.632898820946124,0.9064056763705466,40.89466666666667,零点有数,文教休闲,北京,20211103
601658.SH,20250723,5.6,5.71,5.58,5.65,2272381.92,31.650192607400186,40.58313373153149,13.784310359137578,0.05195360496668133,5.574666666666666,邮储银行,银行,北京,20191210
301193.SZ,20250723,18.84,19.0,18.46,18.51,31414.23,31.369571369642273,40.073657670414654,13.96139876809751,0.9136595234785005,17.05333333333333,家联科技,家居用品,浙江,20211209
300292.SZ,20250723,4.89,4.9,4.81,4.82,277777.0,46.93874848207104,63.38770364746281,14.040838151287502,0.03298037125480047,4.8020000000000005,吴通控股,互联网,江苏,20120229
002039.SZ,20250723,16.28,16.33,16.16,16.16,68224.8,32.578602211164586,41.815237968643814,14.105330696206124,0.07627021268923073,16.073666666666668,黔源电力,水力发电,贵州,20050303
603856.SH,20250723,12.9,12.9,12.31,12.35,163511.79,35.923855136829566,46.828733091824915,14.114099226838874,0.35114185316614765,11.891666666666667,东宏股份,塑料,山东,20171106
601668.SH,20250723,6.02,6.03,5.88,5.89,3454801.38,33.705931304035886,43.49135466610914,14.13508457988938,0.048634156522621375,5.851999999999999,中国建筑,建筑工程,北京,20090729
300279.SZ,20250723,7.2,7.49,7.08,7.1,239106.0,27.223696240458786,33.72971404154322,14.211660638289914,0.13406605737459554,6.896333333333334,和晶科技,元器件,江苏,20111229
600113.SH,20250723,29.04,30.2,28.85,29.25,61013.48,32.01802124461968,40.879663033743206,14.294737666372626,2.513780013927036,24.645,浙江东日,区域地产,浙江,19971021
002962.SZ,20250723,14.91,14.99,14.78,14.79,43156.92,29.287732408234362,36.77739377306478,14.308409678573526,0.06758681051029214,14.920666666666667,五方光电,元器件,湖北,20190917
601288.SH,20250723,6.09,6.3,6.07,6.25,6278221.14,35.506892849683844,46.00234713829411,14.5159842724633,0.12139751608089178,5.981999999999999,农业银行,银行,北京,20100715
001368.SZ,20250723,23.52,23.65,23.35,23.4,13254.01,37.45464086875391,48.89331346759833,14.577295671065073,0.2319802452522488,23.249,通达创智,文教休闲,福建,20230313
002951.SZ,20250723,16.65,17.37,16.35,17.1,208656.11,43.192860681520315,57.496813935989216,14.584954172582528,1.4452099671097614,15.044,金时科技,广告包装,四川,20190315
600589.SH,20250723,8.33,8.53,8.16,8.38,1306764.09,43.00714165454458,57.16106649741365,14.699291968806463,0.2843380040680632,8.051666666666668,大位科技,软件服务,广东,20010612
000631.SZ,20250723,3.15,3.2,3.13,3.14,140625.02,37.038118658384334,48.17078873272497,14.772778509703059,0.05089604555316418,3.061,顺发恒能,综合类,浙江,19961122
600732.SH,20250723,14.86,15.17,14.42,14.51,477382.85,43.77825467289275,58.268263694262245,14.798236630153752,0.754513769295853,13.324333333333332,爱旭股份,电气设备,上海,19960816
002585.SZ,20250723,5.75,5.76,5.65,5.66,311038.04,40.771525839082074,53.72071385340711,14.873149810431997,0.14280535112610782,5.416666666666667,双星新材,塑料,江苏,20110602
300305.SZ,20250723,6.75,6.76,6.54,6.62,107234.0,40.20914617167459,52.853888267227106,14.919661980569558,0.1577934805552479,6.353333333333334,裕兴股份,塑料,江苏,20120329
603657.SH,20250723,30.5,31.0,30.18,30.77,34370.2,18.532851925242788,20.31965556774707,14.959244640234225,0.39513680298305687,32.748666666666665,春光科技,家用电器,浙江,20180730
001210.SZ,20250723,14.38,14.41,14.27,14.3,30175.66,23.582536314162734,27.849616949883732,15.048375042720735,0.04588677813113762,13.963333333333333,金房能源,供气供热,北京,20210729
600728.SH,20250723,5.64,5.67,5.56,5.59,319739.4,53.14576557486966,71.97149733924243,15.494302046124119,0.08996022096700074,5.447,佳都科技,软件服务,广东,19960716
002824.SZ,20250723,16.58,16.59,16.35,16.39,41052.0,29.83786184872607,37.007291592702316,15.499002360773574,0.17850276667002163,16.35033333333333,和胜股份,铝,广东,20170112
300882.SZ,20250723,16.85,16.87,16.25,16.25,62796.34,29.976740862190134,37.136564357689636,15.657093871191137,0.2956376582098983,15.995333333333333,万胜智能,电器仪表,浙江,20200910
603022.SH,20250723,10.26,10.29,10.18,10.19,50528.0,23.350836100435775,27.17284899444812,15.706810312411086,0.10671393895122527,10.316,新通联,广告包装,上海,20150518
301388.SZ,20250723,37.0,37.11,34.35,35.07,101054.33,47.098240679086366,62.78744384225678,15.71983435274555,3.685123976177934,29.856,欣灵电气,电气设备,浙江,20221109
601218.SH,20250723,4.25,4.28,4.19,4.2,478935.01,18.69981429832614,20.160275829475694,15.778891236027029,0.1052071227908522,4.085666666666667,吉鑫科技,电气设备,江苏,20110506
000151.SZ,20250723,13.27,13.32,13.05,13.05,79442.05,30.162768742954867,37.31216316253524,15.863979903794117,0.0908656371257699,12.637,中成股份,商贸代理,北京,20000906
600120.SH,20250723,6.22,6.29,6.19,6.21,762619.8,41.857246984995875,54.84247754020669,15.886785874574258,0.09486700985207008,6.090333333333333,浙江东方,多元金融,浙江,19971201
300302.SZ,20250723,15.02,15.17,14.96,14.98,75170.56,24.364528243686003,28.594767049468796,15.90405063212041,0.0023818644735893457,15.331333333333333,同有科技,IT设备,北京,20120321
300333.SZ,20250723,14.44,14.7,14.3,14.48,220449.0,16.060344628307085,16.113913362272,15.953207160377254,0.09530169703245761,15.120333333333333,兆日科技,IT设备,深圳,20120628
001387.SZ,20250723,14.44,14.52,14.26,14.28,58157.72,37.26501838377266,47.90292091407602,15.989213323165956,0.295024597251329,13.940333333333333,雪祺电气,家用电器,安徽,20240111
600665.SH,20250723,3.44,3.51,3.38,3.39,124336.0,40.30337757420894,52.43971319983952,16.03070632294778,0.04659874013101861,3.3426666666666667,天地源,全国地产,陕西,19930709
000635.SZ,20250723,9.23,9.44,9.16,9.26,140977.0,24.67723585202532,28.897412628055605,16.236882299964748,0.14587873635245074,8.923666666666668,英力特,化工原料,宁夏,19961120
600698.SH,20250723,10.5,10.75,10.3,10.33,866740.15,33.19958145448349,41.521847432193,16.55504949906448,0.7783936383095043,9.040000000000001,湖南天雁,汽车配件,湖南,19931206
301337.SZ,20250723,29.7,29.84,29.34,29.44,14194.0,45.98298664128623,60.6962498928434,16.5564601381719,0.3501024118558185,29.002333333333336,亚华电子,软件服务,山东,20230526
300545.SZ,20250723,31.29,31.29,30.69,30.95,43997.5,32.563221007079306,40.554338186946666,16.580986647344588,0.3981676788266988,30.505333333333333,联得装备,专用机械,深圳,20160928
301486.SZ,20250723,68.31,69.0,67.1,67.14,41262.24,39.993070248393146,51.67511623629657,16.62897827258631,0.9186527542501466,67.805,致尚科技,元器件,深圳,20230707
300131.SZ,20250723,8.15,8.22,8.04,8.1,321341.32,49.82467160587119,66.39412753803423,16.685759741545127,0.27122174702752133,7.649333333333334,英唐智控,元器件,深圳,20101019
300939.SZ,20250723,31.56,31.83,31.3,31.56,31333.75,40.61401169985656,52.55069841399194,16.74063827158581,0.7949477269184335,30.351333333333333,秋田微,元器件,深圳,20210128
603629.SH,20250723,23.87,24.21,23.72,23.97,71465.0,42.4043973407303,55.232781937950925,16.747628146289046,0.47246393907144935,23.022000000000002,利通电子,元器件,江苏,20181224
002993.SZ,20250723,39.13,39.58,38.94,39.1,28173.74,22.531496544180747,25.406122486895896,16.782244658750443,0.21850206915627268,39.024,奥海科技,元器件,广东,20200817
600790.SH,20250723,3.9,3.91,3.86,3.87,109242.0,33.709224373480936,42.16631163795044,16.79504984454192,0.036383924909176635,3.801,轻纺城,商品城,浙江,19970228
002706.SZ,20250723,9.15,9.18,9.02,9.05,110330.18,38.771661475175755,49.72174810452972,16.87148821646781,0.10798055155382791,8.905,良信股份,电气设备,上海,20140121
601512.SH,20250723,7.91,7.94,7.84,7.86,103965.0,43.958789932455446,57.42629490865953,17.023779980047294,0.19446467641044318,7.526333333333333,中新集团,园区开发,江苏,20191220
603933.SH,20250723,16.29,16.29,16.01,16.04,41707.0,26.37164792237354,31.016830717258873,17.081282332602875,0.15463157827312912,15.931666666666667,睿能科技,元器件,福建,20170706
000421.SZ,20250723,6.81,6.83,6.72,6.73,102210.0,33.74500298398917,42.073643387922914,17.087722176121673,0.08369408289058544,6.621666666666667,南京公用,供气供热,江苏,19960806
301311.SZ,20250723,21.89,22.03,20.8,20.83,129241.41,34.44707531645129,43.102557079672906,17.13611179000806,0.6305941315468004,20.587,昆船智能,机械基件,云南,20221130
000563.SZ,20250723,3.73,3.79,3.71,3.71,1125439.74,36.99202280169391,46.90359658797876,17.168875229124225,0.07129339884362285,3.5829999999999997,陕国投A,多元金融,陕西,19940110
300702.SZ,20250723,24.7,25.7,24.7,25.12,45826.13,35.65164918358277,44.889485916055825,17.17597571863665,0.4924760875364633,24.30366666666667,天宇股份,化学制药,浙江,20170919
300022.SZ,20250723,8.85,8.88,8.45,8.73,346483.47,23.880472583582062,27.210381841416122,17.22065406791394,0.07080043594394603,8.913666666666668,吉峰科技,农用机械,四川,20091030
300181.SZ,20250723,18.44,18.76,18.38,18.42,151737.74,36.14461266162023,45.56866709571813,17.29650379342442,0.37845729903666125,17.892999999999997,佐力药业,中成药,浙江,20110222
300127.SZ,20250723,29.47,29.93,28.82,29.14,138783.0,33.53609292883707,41.61431701713329,17.379644752244644,0.631579594371722,28.884333333333334,银河磁体,矿物制品,四川,20101013
601162.SH,20250723,4.86,5.05,4.84,4.9,8953306.16,28.24786666298423,33.643860911708025,17.455878165536646,0.1599517768940153,4.578666666666666,天风证券,证券,湖北,20181019
003018.SZ,20250723,12.31,12.35,12.05,12.1,23105.0,49.2792853702079,65.1801759051364,17.477504300350915,0.28612772889104576,11.658666666666669,金富科技,塑料,广东,20201106
300141.SZ,20250723,9.79,9.8,9.42,9.47,86065.01,32.529229470907346,40.02457576141602,17.538536889889997,0.22556639567064174,9.195666666666666,和顺电气,电气设备,江苏,20101112
300597.SZ,20250723,9.66,9.68,9.51,9.55,69011.0,39.66905429825933,50.72838911110356,17.55038467257087,0.14361881127301146,9.43,吉大通信,通信设备,吉林,20170123
002159.SZ,20250723,15.52,15.6,15.37,15.37,29193.0,31.519237505322,38.49906153587396,17.559589444218076,0.07983508134615036,15.286666666666667,三特索道,旅游服务,湖北,20070817
600110.SH,20250723,5.72,5.74,5.58,5.61,1288509.4,22.116028586783756,24.36821790433212,17.611649951687028,0.23805103713129672,5.501666666666667,诺德股份,电气设备,吉林,19971007
301234.SZ,20250723,35.73,38.09,35.07,36.54,52753.78,26.647232014438078,31.092258317738782,17.757179407836674,1.5953844293758621,32.60666666666667,五洲医疗,医疗保健,安徽,20220705
603806.SH,20250723,13.6,14.0,13.5,13.55,390312.25,26.21100984583359,30.431734138429746,17.769561260641282,0.20600252967543575,13.197666666666667,福斯特,塑料,浙江,20140905
002188.SZ,20250723,5.71,5.76,5.65,5.7,91004.0,47.89105554636273,62.94012230327804,17.792922032532104,0.11343336729101061,5.519,中天服务,房产服务,浙江,20071122
301260.SZ,20250723,21.28,21.77,20.85,20.86,100465.12,32.2023659656375,39.398734994442194,17.809627908028105,0.46727283343451376,20.174333333333333,格力博,专用机械,江苏,20230208
603938.SH,20250723,15.11,15.12,14.69,14.7,67343.9,38.496636263716354,48.8225141957345,17.844880399680065,0.2163722637391423,14.286,三孚股份,化工原料,河北,20170628
300995.SZ,20250723,44.65,44.88,43.03,43.5,28472.67,39.481439145568515,50.24903451134011,17.94624841402532,1.2729680090590207,43.044,奇德新材,塑料,广东,20210526
002494.SZ,20250723,5.18,5.18,5.08,5.09,77054.0,37.27313196014206,46.89454858404746,18.03029871233126,0.08234166903562556,4.975,华斯股份,服饰,河北,20101102
301157.SZ,20250723,47.8,48.28,47.26,47.4,9105.0,38.99114618351132,49.466668742458005,18.040101065617947,0.6993863390766748,46.562333333333335,华塑科技,电气设备,浙江,20230309
601601.SH,20250723,36.37,37.67,36.24,37.15,600331.74,28.50315375102664,33.73451945936911,18.0404223343417,0.3732437029225153,36.91,中国太保,保险,上海,20071225
300891.SZ,20250723,9.66,9.7,9.4,9.41,143981.18,38.17149259141959,48.21281851653297,18.08884074119284,0.11392186500790125,9.507666666666665,惠云钛业,化工原料,广东,20200917
300328.SZ,20250723,11.31,11.33,11.02,11.08,216101.5,23.34677695717276,25.964033716426776,18.112263438664726,0.0663262355345573,11.197666666666667,宜安科技,小金属,广东,20120619
301509.SZ,20250723,38.0,41.44,37.71,38.82,98141.77,42.13335048190491,54.13732709578354,18.125397254147657,0.6992210096942983,37.714666666666666,金凯生科,化学制药,辽宁,20230803
601519.SH,20250723,13.39,14.76,13.39,13.93,2482239.04,39.77107669394404,50.57942092475461,18.1543882323229,1.0745244833775374,11.346,大智慧,软件服务,上海,20110128
002976.SZ,20250723,25.05,25.16,24.86,24.9,20675.0,43.485669081376585,56.14308305864715,18.170841126835455,0.28336114973038207,24.937666666666665,瑞玛精密,汽车配件,江苏,20200306
000821.SZ,20250723,12.08,12.24,11.91,11.94,163094.0,34.2970558426451,42.34694914549403,18.197269236947236,0.19902340988606504,11.586333333333334,京山轻机,电气设备,湖北,19980626
002565.SZ,20250723,6.36,6.57,6.3,6.35,525889.49,39.64283555490416,50.33670139346158,18.25510387778931,0.3393799512246529,6.044666666666667,顺灏股份,造纸,上海,20110318
300173.SZ,20250723,6.04,6.05,5.9,5.9,301932.0,25.75523437021467,29.463978449152698,18.337746212338615,0.00914957712750386,6.1610000000000005,福能东方,轻工机械,广东,20110201
002685.SZ,20250723,7.33,7.37,7.2,7.22,364612.4,22.491079368291796,24.407881039235082,18.657476026405227,0.0001981207277159669,7.291333333333332,华东重机,机床制造,江苏,20120612
601949.SH,20250723,6.74,6.78,6.69,6.71,98315.72,31.40701092174421,37.76371731790693,18.69359812941876,0.04742987837791812,6.634666666666666,中国出版,出版业,北京,20170821
600506.SH,20250723,20.01,20.01,19.65,19.68,65913.01,31.75942162956853,38.18010217395425,18.918060540797086,0.09410496675702618,19.700333333333333,统一股份,石油加工,新疆,20011226
600590.SH,20250723,9.22,9.3,9.09,9.1,379606.69,37.5752868843964,46.762668403708474,19.20052384577224,0.14316496853374971,8.995000000000001,泰豪科技,通信设备,江西,20020703
002758.SZ,20250723,9.41,9.41,9.29,9.31,41234.35,41.92153946773744,53.24204814616532,19.28052211088169,0.10175087783013304,9.090000000000002,浙农股份,批发业,浙江,20150527
601968.SH,20250723,5.18,5.34,5.17,5.27,295584.0,27.128803141987596,31.045473024777742,19.295463376407312,0.09760096688335285,4.944000000000001,宝钢包装,广告包装,上海,20150611
002470.SZ,20250723,1.79,1.81,1.76,1.77,824554.0,27.41698594763335,31.46792813968848,19.315101563523093,0.00877963475243515,1.754,金正大,农药化肥,山东,20100908
605056.SH,20250723,15.3,15.32,14.76,14.82,50954.99,24.10030600581592,26.456881019022195,19.387155979403367,0.03594234624974035,15.102333333333332,咸亨国际,电器仪表,浙江,20210720
300235.SZ,20250723,11.66,12.06,11.53,11.92,176077.44,32.23077544810339,38.650267845041704,19.391790654226753,0.3144654045439399,11.193000000000001,方直科技,软件服务,深圳,20110629
601058.SH,20250723,13.3,13.54,13.19,13.2,403545.97,38.525156608453415,48.05539177859165,19.464686268176948,0.18465525722175435,12.866000000000001,赛轮轮胎,汽车配件,山东,20110630
300460.SZ,20250723,10.7,10.74,10.57,10.59,80390.48,27.52915623145302,31.557275513771728,19.472917666815604,0.18116783734896913,10.723666666666666,惠伦晶体,元器件,广东,20150515
600960.SH,20250723,4.7,4.74,4.65,4.69,196098.21,33.86820358213396,41.00854267688476,19.587525392632358,0.10280211328949918,4.695333333333334,渤海汽车,汽车配件,山东,20040407
600173.SH,20250723,6.63,6.68,6.47,6.47,198870.0,43.37362123105182,55.255186457705975,19.610490777743507,0.1815919992752617,6.1226666666666665,卧龙新能,全国地产,浙江,19990415
000617.SZ,20250723,9.24,9.46,8.95,8.99,4275403.2,49.09723155010818,63.828241440182545,19.63521176995944,0.5568485744669793,7.9799999999999995,中油资本,多元金融,新疆,19961022
603321.SH,20250723,8.31,8.34,8.12,8.2,92490.38,42.3382751781551,53.57483444298473,19.86515664849584,0.1618848586839885,7.915333333333333,梅轮电梯,运输设备,浙江,20170915
301355.SZ,20250723,12.31,12.43,12.27,12.42,49288.89,22.952308228671022,24.459706147757593,19.937512390497872,0.14228394732021243,12.213000000000001,南王科技,广告包装,福建,20230612
301361.SZ,20250723,32.65,32.88,31.83,32.0,19181.0,41.526195772995976,52.276175482095994,20.02623635479594,0.6875341215635373,30.74533333333333,众智科技,电气设备,河南,20221116
603203.SH,20250723,25.18,25.2,24.86,24.93,19532.6,39.625160215233365,49.37960405980634,20.116272526087414,0.3163333470073617,24.466,快克智能,专用机械,江苏,20161108
002426.SZ,20250723,3.09,3.09,3.04,3.04,904531.0,22.033829332950226,22.969991206008146,20.16150558683438,0.018267063731495448,3.1079999999999997,胜利精密,元器件,江苏,20100608
600726.SH,20250723,2.74,2.76,2.65,2.65,780725.94,32.99228601768248,39.36817170953242,20.2405146339826,0.06293324290681523,2.5126666666666666,华电能源,火力发电,黑龙江,19960701
605289.SH,20250723,34.15,34.56,33.89,34.49,14738.0,48.63014731420266,62.815055062354624,20.260331817898745,1.5401946350309075,31.655666666666665,罗曼股份,建筑工程,上海,20210426
300404.SZ,20250723,10.4,10.72,10.23,10.34,303401.2,45.861037922991706,58.552720611655296,20.477672545664532,0.40738202752078045,9.569666666666667,博济医药,医疗保健,广东,20150424
600241.SH,20250723,8.38,8.4,8.26,8.29,71187.78,21.789768434775446,22.339804128724555,20.68969704687722,0.0770610741050568,8.386,时代万恒,电气设备,辽宁,20001128
603239.SH,20250723,16.18,16.19,15.88,15.9,48723.0,39.89096982195204,49.316380711327554,21.040148043201015,0.3770972776977235,15.542333333333335,浙江仙通,汽车配件,浙江,20161230
300812.SZ,20250723,22.13,22.14,21.75,21.86,32449.0,31.54050154585291,36.732396643346995,21.15671135086474,0.14391349759703687,22.218,易天股份,专用机械,深圳,20200109
002748.SZ,20250723,9.85,9.97,9.76,9.77,37393.0,42.81782643051913,53.5644337618967,21.32461176776401,0.15260459124403525,9.583333333333334,世龙实业,化工原料,江西,20150319
002238.SZ,20250723,8.87,8.92,8.75,8.77,149182.62,27.899835359151183,31.16642566133291,21.36665475478773,0.0657954027342953,8.729999999999999,天威视讯,影视音像,深圳,20080526
300072.SZ,20250723,3.58,3.69,3.56,3.56,410299.5,31.76244294253881,36.894353431356194,21.498621964904046,0.08322042822692888,3.436,海新能科,化工原料,北京,20100427
301086.SZ,20250723,46.03,47.0,45.52,45.65,8286.5,50.42347607524323,64.81074786601101,21.64893249370766,0.5573792732197234,45.11033333333333,鸿富瀚,元器件,深圳,20211020
300157.SZ,20250723,4.87,4.89,4.74,4.74,411765.58,31.313323455220555,36.109131042315035,21.721708281031596,0.07314623822444588,4.965333333333334,新锦动力,专用机械,北京,20110107
002724.SZ,20250723,7.78,7.78,7.6,7.62,198615.8,27.932010991565374,31.035161202730585,21.72571056923495,0.20496793694604243,7.456333333333333,海洋王,元器件,深圳,20141104
301002.SZ,20250723,22.16,22.44,21.72,21.84,27835.08,34.67455059917953,41.06411308014644,21.895425637245722,0.662143186000776,21.103666666666665,崧盛股份,电气设备,深圳,20210607
600661.SH,20250723,11.0,11.25,10.93,11.01,83629.0,37.154407938731396,44.73621532549423,21.99079316520573,0.18620666023786825,10.727666666666666,昂立教育,文教休闲,上海,19930614
